{
	"format_version": "1.8.0",
	"animations": {
		"animation.bunigill.ground_walk": {
			"loop": true,
			"animation_length": 0.76,
			"bones": {
				"head": {
					"rotation": {
						"0.0": [0, 0, 0],
						"0.28": {
							"pre": [-7.5, 0, 0],
							"post": [-7.5, 0, 0],
							"lerp_mode": "catmullrom"
						},
						"0.76": [0, 0, 0]
					}
				},
				"ear_l": {
					"rotation": {
						"0.0": [0, 0, 0],
						"0.28": {
							"pre": [-10, 0, 0],
							"post": [-10, 0, 0],
							"lerp_mode": "catmullrom"
						},
						"0.76": [0, 0, 0]
					}
				},
				"ear_r": {
					"rotation": {
						"0.0": [0, 0, 0],
						"0.28": {
							"pre": [-10, 0, 0],
							"post": [-10, 0, 0],
							"lerp_mode": "catmullrom"
						},
						"0.76": [0, 0, 0]
					}
				},
				"body": {
					"rotation": {
						"0.0": [0, 0, 0],
						"0.28": {
							"pre": [5, 0, 0],
							"post": [5, 0, 0],
							"lerp_mode": "catmullrom"
						},
						"0.76": [0, 0, 0]
					}
				},
				"tail": {
					"rotation": {
						"0.0": [0, 0, 0],
						"0.28": {
							"pre": [-12.5, 0, 0],
							"post": [-12.5, 0, 0],
							"lerp_mode": "catmullrom"
						},
						"0.76": [0, 0, 0]
					}
				},
				"arm_l": {
					"rotation": {
						"0.0": [0, 0, 0],
						"0.28": {
							"pre": [10, 0, 0],
							"post": [10, 0, 0],
							"lerp_mode": "catmullrom"
						},
						"0.76": [0, 0, 0]
					}
				},
				"arm_r": {
					"rotation": {
						"0.0": [0, 0, 0],
						"0.28": {
							"pre": [10, 0, 0],
							"post": [10, 0, 0],
							"lerp_mode": "catmullrom"
						},
						"0.76": [0, 0, 0]
					}
				},
				"slop": {
					"rotation": {
						"0.0": [0, 0, 0],
						"0.28": {
							"pre": [-5, 0, 0],
							"post": [-5, 0, 0],
							"lerp_mode": "catmullrom"
						},
						"0.76": [0, 0, 0]
					},
					"scale": {
						"0.0": [1, 1, 1],
						"0.28": {
							"pre": [1, 1, 1.05],
							"post": [1, 1, 1.05],
							"lerp_mode": "catmullrom"
						},
						"0.76": [1, 1, 1]
					}
				}
			}
		},
		"animation.bunigill.ground_idle": {
			"loop": true,
			"animation_length": 4,
			"bones": {
				"head": {
					"rotation": {
						"0.0": [0, 0, 0],
						"2.0": {
							"pre": [7.5, 0, 0],
							"post": [7.5, 0, 0],
							"lerp_mode": "catmullrom"
						},
						"4.0": [0, 0, 0]
					}
				},
				"ear_l": {
					"rotation": {
						"0.0": [0, 0, 0],
						"2.0": {
							"pre": [6.82495, -1.2179, -5.18132],
							"post": [6.82495, -1.2179, -5.18132],
							"lerp_mode": "catmullrom"
						},
						"4.0": {
							"post": [0, 0, 0],
							"lerp_mode": "catmullrom"
						}
					}
				},
				"ear_r": {
					"rotation": {
						"0.0": [0, 0, 0],
						"2.0": {
							"pre": [6.82495, 1.2179, 5.18132],
							"post": [6.82495, 1.2179, 5.18132],
							"lerp_mode": "catmullrom"
						},
						"4.0": {
							"post": [0, 0, 0],
							"lerp_mode": "catmullrom"
						}
					}
				},
				"body": {
					"rotation": {
						"0.0": [0, 0, 0],
						"2.0": {
							"pre": [-2.5, 0, 0],
							"post": [-2.5, 0, 0],
							"lerp_mode": "catmullrom"
						},
						"4.0": [0, 0, 0]
					}
				},
				"arm_l": {
					"rotation": {
						"0.0": [0, 0, 0],
						"2.0": [5, 0, 0],
						"4.0": [0, 0, 0]
					}
				},
				"arm_r": {
					"rotation": {
						"0.0": [0, 0, 0],
						"2.0": [5, 0, 0],
						"4.0": [0, 0, 0]
					}
				},
				"slop": {
					"rotation": {
						"0.0": [0, 0, 0],
						"2.0": {
							"pre": [2.5, 0, 0],
							"post": [2.5, 0, 0],
							"lerp_mode": "catmullrom"
						},
						"4.0": [0, 0, 0]
					}
				}
			}
		},
		"animation.bunigill.water_swim": {
			"loop": true,
			"animation_length": 1.6,
			"bones": {
				"head": {
					"rotation": {
						"0.0": {
							"post": [-25, 0, 0],
							"lerp_mode": "catmullrom"
						},
						"0.6": {
							"post": [-35, 0, 0],
							"lerp_mode": "catmullrom"
						},
						"1.6": {
							"post": [-25, 0, 0],
							"lerp_mode": "catmullrom"
						}
					}
				},
				"ear_l": {
					"rotation": {
						"0.0": {
							"post": [-16.85968, 10.36865, 7.23386],
							"lerp_mode": "catmullrom"
						},
						"0.6": {
							"post": [-44.35968, 10.36865, 7.23386],
							"lerp_mode": "catmullrom"
						},
						"1.6": {
							"post": [-16.85968, 10.36865, 7.23386],
							"lerp_mode": "catmullrom"
						}
					}
				},
				"ear_r": {
					"rotation": {
						"0.0": {
							"post": [-14.49598, -10.06357, -7.68731],
							"lerp_mode": "catmullrom"
						},
						"0.6": {
							"post": [-44.49598, -10.06357, -7.68731],
							"lerp_mode": "catmullrom"
						},
						"1.6": {
							"post": [-14.49598, -10.06357, -7.68731],
							"lerp_mode": "catmullrom"
						}
					}
				},
				"body": {
					"rotation": {
						"0.0": {
							"post": [27.5, 0, 0],
							"lerp_mode": "catmullrom"
						},
						"0.6": {
							"post": [42.5, 0, 0],
							"lerp_mode": "catmullrom"
						},
						"1.6": {
							"post": [27.5, 0, 0],
							"lerp_mode": "catmullrom"
						}
					}
				},
				"tail": {
					"rotation": {
						"0.0": {
							"post": [-25, 0, 0],
							"lerp_mode": "catmullrom"
						},
						"0.6": {
							"post": [-62.5, 0, 0],
							"lerp_mode": "catmullrom"
						},
						"1.6": {
							"post": [-25, 0, 0],
							"lerp_mode": "catmullrom"
						}
					}
				},
				"arm_l": {
					"rotation": {
						"0.0": {
							"post": [42.49524, 9.84655, -28.48124],
							"lerp_mode": "catmullrom"
						},
						"0.6": {
							"post": [66.82619, 0.06845, -11.39525],
							"lerp_mode": "catmullrom"
						},
						"1.6": {
							"post": [42.49524, 9.84655, -28.48124],
							"lerp_mode": "catmullrom"
						}
					}
				},
				"arm_r": {
					"rotation": {
						"0.0": {
							"post": [42.49524, -9.84655, 28.48124],
							"lerp_mode": "catmullrom"
						},
						"0.6": {
							"post": [66.82619, -0.06845, 11.39525],
							"lerp_mode": "catmullrom"
						},
						"1.6": {
							"post": [42.49524, -9.84655, 28.48124],
							"lerp_mode": "catmullrom"
						}
					}
				},
				"slop": {
					"rotation": {
						"0.0": {
							"post": [-5, 0, 0],
							"lerp_mode": "catmullrom"
						},
						"0.6": {
							"post": [-25, 0, 0],
							"lerp_mode": "catmullrom"
						},
						"1.6": {
							"post": [-5, 0, 0],
							"lerp_mode": "catmullrom"
						}
					}
				}
			}
		},
		"animation.bunigill.water_idle": {
			"loop": true,
			"animation_length": 4,
			"bones": {
				"head": {
					"rotation": {
						"0.0": {
							"post": [-15, 0, 0],
							"lerp_mode": "catmullrom"
						},
						"2.0": {
							"post": [-22.5, 0, 0],
							"lerp_mode": "catmullrom"
						},
						"4.0": {
							"post": [-15, 0, 0],
							"lerp_mode": "catmullrom"
						}
					}
				},
				"ear_l": {
					"rotation": {
						"0.0": {
							"post": [-15, 0, 0],
							"lerp_mode": "catmullrom"
						},
						"2.0": {
							"post": [-5, 0, 0],
							"lerp_mode": "catmullrom"
						},
						"4.0": {
							"post": [-15, 0, 0],
							"lerp_mode": "catmullrom"
						}
					}
				},
				"ear_r": {
					"rotation": {
						"0.0": {
							"post": [-15, 0, 0],
							"lerp_mode": "catmullrom"
						},
						"2.0": {
							"post": [-5, 0, 0],
							"lerp_mode": "catmullrom"
						},
						"4.0": {
							"post": [-15, 0, 0],
							"lerp_mode": "catmullrom"
						}
					}
				},
				"body": {
					"rotation": {
						"0.0": {
							"post": [22.5, 0, 0],
							"lerp_mode": "catmullrom"
						},
						"2.0": {
							"post": [25, 0, 0],
							"lerp_mode": "catmullrom"
						},
						"4.0": {
							"post": [22.5, 0, 0],
							"lerp_mode": "catmullrom"
						}
					}
				},
				"tail": {
					"rotation": {
						"0.0": {
							"post": [-15, 0, 0],
							"lerp_mode": "catmullrom"
						},
						"2.0": {
							"post": [-22.5, 0, 0],
							"lerp_mode": "catmullrom"
						},
						"4.0": {
							"post": [-15, 0, 0],
							"lerp_mode": "catmullrom"
						}
					}
				},
				"arm_l": {
					"rotation": {
						"0.0": {
							"post": [0, 0, -12.5],
							"lerp_mode": "catmullrom"
						},
						"2.0": {
							"post": [0, 0, -25],
							"lerp_mode": "catmullrom"
						},
						"4.0": {
							"post": [0, 0, -12.5],
							"lerp_mode": "catmullrom"
						}
					}
				},
				"arm_r": {
					"rotation": {
						"0.0": {
							"post": [0, 0, 12.5],
							"lerp_mode": "catmullrom"
						},
						"2.0": {
							"post": [0, 0, 25],
							"lerp_mode": "catmullrom"
						},
						"4.0": {
							"post": [0, 0, 12.5],
							"lerp_mode": "catmullrom"
						}
					}
				},
				"slop": {
					"rotation": {
						"0.0": {
							"post": [-5, 0, 0],
							"lerp_mode": "catmullrom"
						},
						"2.0": {
							"post": [-7.5, 0, 0],
							"lerp_mode": "catmullrom"
						},
						"4.0": {
							"post": [-5, 0, 0],
							"lerp_mode": "catmullrom"
						}
					}
				}
			}
		},
		"animation.bunigill.sleep": {
			"animation_length": 9.2,
			"bones": {
				"head": {
					"rotation": {
						"0.0": {
							"post": [5, 0, 0],
							"lerp_mode": "catmullrom"
						},
						"4.6": {
							"post": [15, 0, 0],
							"lerp_mode": "catmullrom"
						},
						"9.2": {
							"post": [5, 0, 0],
							"lerp_mode": "catmullrom"
						}
					}
				},
				"ear_l": {
					"rotation": {
						"0.0": {
							"post": [37.47611, 2.10047, -7.6136],
							"lerp_mode": "catmullrom"
						},
						"4.6": {
							"post": [45, 0, 0],
							"lerp_mode": "catmullrom"
						},
						"9.2": {
							"post": [37.47611, 2.10047, -7.6136],
							"lerp_mode": "catmullrom"
						}
					}
				},
				"ear_r": {
					"rotation": {
						"0.0": {
							"post": [37.47611, -2.10047, 7.6136],
							"lerp_mode": "catmullrom"
						},
						"4.6": {
							"post": [45, 0, 0],
							"lerp_mode": "catmullrom"
						},
						"9.2": {
							"post": [37.47611, -2.10047, 7.6136],
							"lerp_mode": "catmullrom"
						}
					}
				},
				"body": {
					"rotation": {
						"0.0": {
							"post": [0, 0, 0],
							"lerp_mode": "catmullrom"
						},
						"4.6": {
							"post": [-2.5, 0, 0],
							"lerp_mode": "catmullrom"
						},
						"9.2": {
							"post": [0, 0, 0],
							"lerp_mode": "catmullrom"
						}
					}
				},
				"tail": {
					"rotation": {
						"0.0": {
							"post": [0, 0, 0],
							"lerp_mode": "catmullrom"
						},
						"4.6": {
							"post": [-12.5, 0, 0],
							"lerp_mode": "catmullrom"
						},
						"9.2": {
							"post": [0, 0, 0],
							"lerp_mode": "catmullrom"
						}
					}
				},
				"slop": {
					"rotation": {
						"0.0": {
							"post": [0, 0, 0],
							"lerp_mode": "catmullrom"
						},
						"4.6": {
							"post": [2.5, 0, 0],
							"lerp_mode": "catmullrom"
						},
						"9.2": {
							"post": [0, 0, 0],
							"lerp_mode": "catmullrom"
						}
					}
				},
				"eyelid_l": {
					"position": [0.015, 0, 0]
				},
				"eyelid_r": {
					"position": [-0.015, 0, 0]
				}
			}
		},
		"animation.bunigill.sniff": {
			"animation_length": 1.76,
			"bones": {
				"head": {
					"rotation": {
						"0.0": {
							"post": [0, 0, 0],
							"lerp_mode": "catmullrom"
						},
						"0.12": {
							"post": [5, 0, 0],
							"lerp_mode": "catmullrom"
						},
						"0.28": {
							"post": [-7.61435, -9.91358, 1.31845],
							"lerp_mode": "catmullrom"
						},
						"0.6": {
							"post": [-7.61435, -9.91358, 1.31845],
							"lerp_mode": "catmullrom"
						},
						"0.8": {
							"post": [7.5, 0, 0],
							"lerp_mode": "catmullrom"
						},
						"1.0": {
							"post": [-7.7614, 14.8687, -2.00307],
							"lerp_mode": "catmullrom"
						},
						"1.36": {
							"post": [-7.7614, 14.8687, -2.00307],
							"lerp_mode": "catmullrom"
						},
						"1.52": {
							"post": [2.5, 0, 0],
							"lerp_mode": "catmullrom"
						},
						"1.76": {
							"post": [0, 0, 0],
							"lerp_mode": "catmullrom"
						}
					}
				},
				"body": {
					"rotation": {
						"0.0": {
							"post": [0, 0, 0],
							"lerp_mode": "catmullrom"
						},
						"0.12": {
							"post": [2.5, 0, 0],
							"lerp_mode": "catmullrom"
						},
						"0.28": {
							"post": [-2.5, 0, 0],
							"lerp_mode": "catmullrom"
						},
						"1.52": {
							"post": [-2.5, 0, 0],
							"lerp_mode": "catmullrom"
						},
						"1.76": {
							"post": [0, 0, 0],
							"lerp_mode": "catmullrom"
						}
					}
				},
				"tail": {
					"rotation": {
						"0.0": {
							"post": [0, 0, 0],
							"lerp_mode": "catmullrom"
						},
						"0.12": {
							"post": [-5, 0, 0],
							"lerp_mode": "catmullrom"
						},
						"0.28": {
							"post": [5, 0, 0],
							"lerp_mode": "catmullrom"
						},
						"1.52": {
							"post": [5, 0, 0],
							"lerp_mode": "catmullrom"
						},
						"1.76": {
							"post": [0, 0, 0],
							"lerp_mode": "catmullrom"
						}
					}
				},
				"slop": {
					"rotation": {
						"0.0": {
							"post": [0, 0, 0],
							"lerp_mode": "catmullrom"
						},
						"0.12": {
							"post": [-2.5, 0, 0],
							"lerp_mode": "catmullrom"
						},
						"0.28": {
							"post": [2.5, 0, 0],
							"lerp_mode": "catmullrom"
						},
						"1.52": {
							"post": [2.5, 0, 0],
							"lerp_mode": "catmullrom"
						},
						"1.76": {
							"post": [0, 0, 0],
							"lerp_mode": "catmullrom"
						}
					}
				},
				"ear_l": {
					"rotation": {
						"0.0": {
							"post": [0, 0, 0],
							"lerp_mode": "catmullrom"
						},
						"0.12": {
							"post": [15, 0, 0],
							"lerp_mode": "catmullrom"
						},
						"0.28": {
							"post": [-5, 0, 0],
							"lerp_mode": "catmullrom"
						},
						"0.6": {
							"post": [0, 0, 0],
							"lerp_mode": "catmullrom"
						},
						"0.8": {
							"post": [15, 0, 0],
							"lerp_mode": "catmullrom"
						},
						"1.0": {
							"post": [5, 0, 0],
							"lerp_mode": "catmullrom"
						},
						"1.36": {
							"post": [0, 0, 0],
							"lerp_mode": "catmullrom"
						},
						"1.52": {
							"post": [5, 0, 0],
							"lerp_mode": "catmullrom"
						},
						"1.76": {
							"post": [0, 0, 0],
							"lerp_mode": "catmullrom"
						}
					}
				},
				"ear_r": {
					"rotation": {
						"0.0": {
							"post": [0, 0, 0],
							"lerp_mode": "catmullrom"
						},
						"0.12": {
							"post": [15, 0, 0],
							"lerp_mode": "catmullrom"
						},
						"0.28": {
							"post": [5, 0, 0],
							"lerp_mode": "catmullrom"
						},
						"0.6": {
							"post": [0, 0, 0],
							"lerp_mode": "catmullrom"
						},
						"0.8": {
							"post": [15, 0, 0],
							"lerp_mode": "catmullrom"
						},
						"1.0": {
							"post": [-5, 0, 0],
							"lerp_mode": "catmullrom"
						},
						"1.36": {
							"post": [0, 0, 0],
							"lerp_mode": "catmullrom"
						},
						"1.52": {
							"post": [5, 0, 0],
							"lerp_mode": "catmullrom"
						},
						"1.76": {
							"post": [0, 0, 0],
							"lerp_mode": "catmullrom"
						}
					}
				},
				"nose": {
					"scale": {
						"0.0": {
							"post": [1, 1, 1],
							"lerp_mode": "catmullrom"
						},
						"0.28": {
							"post": [1, 1, 1],
							"lerp_mode": "catmullrom"
						},
						"0.36": {
							"post": [1, 1.05, 1],
							"lerp_mode": "catmullrom"
						},
						"0.44": {
							"post": [1, 1, 1],
							"lerp_mode": "catmullrom"
						},
						"0.52": {
							"post": [1, 1.05, 1],
							"lerp_mode": "catmullrom"
						},
						"0.6": {
							"post": [1, 1, 1],
							"lerp_mode": "catmullrom"
						},
						"1.0": {
							"post": [1, 1, 1],
							"lerp_mode": "catmullrom"
						},
						"1.08": {
							"post": [1, 1.05, 1],
							"lerp_mode": "catmullrom"
						},
						"1.16": {
							"post": [1, 1, 1],
							"lerp_mode": "catmullrom"
						},
						"1.24": {
							"post": [1, 1.05, 1],
							"lerp_mode": "catmullrom"
						},
						"1.32": {
							"post": [1, 1, 1],
							"lerp_mode": "catmullrom"
						}
					}
				}
			}
		},
		"animation.bunigill.sniff_cry": {
			"animation_length": 1.76,
			"bones": {
				"head": {
					"rotation": {
						"0.0": {
							"post": [0, 0, 0],
							"lerp_mode": "catmullrom"
						},
						"0.12": {
							"post": [5, 0, 0],
							"lerp_mode": "catmullrom"
						},
						"0.28": {
							"post": [-7.61435, -9.91358, 1.31845],
							"lerp_mode": "catmullrom"
						},
						"0.6": {
							"post": [-7.61435, -9.91358, 1.31845],
							"lerp_mode": "catmullrom"
						},
						"0.8": {
							"post": [7.5, 0, 0],
							"lerp_mode": "catmullrom"
						},
						"1.0": {
							"post": [-7.7614, 14.8687, -2.00307],
							"lerp_mode": "catmullrom"
						},
						"1.36": {
							"post": [-7.7614, 14.8687, -2.00307],
							"lerp_mode": "catmullrom"
						},
						"1.52": {
							"post": [2.5, 0, 0],
							"lerp_mode": "catmullrom"
						},
						"1.76": {
							"post": [0, 0, 0],
							"lerp_mode": "catmullrom"
						}
					}
				},
				"body": {
					"rotation": {
						"0.0": {
							"post": [0, 0, 0],
							"lerp_mode": "catmullrom"
						},
						"0.12": {
							"post": [2.5, 0, 0],
							"lerp_mode": "catmullrom"
						},
						"0.28": {
							"post": [-2.5, 0, 0],
							"lerp_mode": "catmullrom"
						},
						"1.52": {
							"post": [-2.5, 0, 0],
							"lerp_mode": "catmullrom"
						},
						"1.76": {
							"post": [0, 0, 0],
							"lerp_mode": "catmullrom"
						}
					}
				},
				"tail": {
					"rotation": {
						"0.0": {
							"post": [0, 0, 0],
							"lerp_mode": "catmullrom"
						},
						"0.12": {
							"post": [-5, 0, 0],
							"lerp_mode": "catmullrom"
						},
						"0.28": {
							"post": [5, 0, 0],
							"lerp_mode": "catmullrom"
						},
						"1.52": {
							"post": [5, 0, 0],
							"lerp_mode": "catmullrom"
						},
						"1.76": {
							"post": [0, 0, 0],
							"lerp_mode": "catmullrom"
						}
					}
				},
				"slop": {
					"rotation": {
						"0.0": {
							"post": [0, 0, 0],
							"lerp_mode": "catmullrom"
						},
						"0.12": {
							"post": [-2.5, 0, 0],
							"lerp_mode": "catmullrom"
						},
						"0.28": {
							"post": [2.5, 0, 0],
							"lerp_mode": "catmullrom"
						},
						"1.52": {
							"post": [2.5, 0, 0],
							"lerp_mode": "catmullrom"
						},
						"1.76": {
							"post": [0, 0, 0],
							"lerp_mode": "catmullrom"
						}
					}
				},
				"ear_l": {
					"rotation": {
						"0.0": {
							"post": [0, 0, 0],
							"lerp_mode": "catmullrom"
						},
						"0.12": {
							"post": [15, 0, 0],
							"lerp_mode": "catmullrom"
						},
						"0.28": {
							"post": [-5, 0, 0],
							"lerp_mode": "catmullrom"
						},
						"0.6": {
							"post": [0, 0, 0],
							"lerp_mode": "catmullrom"
						},
						"0.8": {
							"post": [15, 0, 0],
							"lerp_mode": "catmullrom"
						},
						"1.0": {
							"post": [5, 0, 0],
							"lerp_mode": "catmullrom"
						},
						"1.36": {
							"post": [0, 0, 0],
							"lerp_mode": "catmullrom"
						},
						"1.52": {
							"post": [5, 0, 0],
							"lerp_mode": "catmullrom"
						},
						"1.76": {
							"post": [0, 0, 0],
							"lerp_mode": "catmullrom"
						}
					}
				},
				"ear_r": {
					"rotation": {
						"0.0": {
							"post": [0, 0, 0],
							"lerp_mode": "catmullrom"
						},
						"0.12": {
							"post": [15, 0, 0],
							"lerp_mode": "catmullrom"
						},
						"0.28": {
							"post": [5, 0, 0],
							"lerp_mode": "catmullrom"
						},
						"0.6": {
							"post": [0, 0, 0],
							"lerp_mode": "catmullrom"
						},
						"0.8": {
							"post": [15, 0, 0],
							"lerp_mode": "catmullrom"
						},
						"1.0": {
							"post": [-5, 0, 0],
							"lerp_mode": "catmullrom"
						},
						"1.36": {
							"post": [0, 0, 0],
							"lerp_mode": "catmullrom"
						},
						"1.52": {
							"post": [5, 0, 0],
							"lerp_mode": "catmullrom"
						},
						"1.76": {
							"post": [0, 0, 0],
							"lerp_mode": "catmullrom"
						}
					}
				},
				"nose": {
					"scale": {
						"0.0": {
							"post": [1, 1, 1],
							"lerp_mode": "catmullrom"
						},
						"0.28": {
							"post": [1, 1, 1],
							"lerp_mode": "catmullrom"
						},
						"0.36": {
							"post": [1, 1.05, 1],
							"lerp_mode": "catmullrom"
						},
						"0.44": {
							"post": [1, 1, 1],
							"lerp_mode": "catmullrom"
						},
						"0.52": {
							"post": [1, 1.05, 1],
							"lerp_mode": "catmullrom"
						},
						"0.6": {
							"post": [1, 1, 1],
							"lerp_mode": "catmullrom"
						},
						"1.0": {
							"post": [1, 1, 1],
							"lerp_mode": "catmullrom"
						},
						"1.08": {
							"post": [1, 1.05, 1],
							"lerp_mode": "catmullrom"
						},
						"1.16": {
							"post": [1, 1, 1],
							"lerp_mode": "catmullrom"
						},
						"1.24": {
							"post": [1, 1.05, 1],
							"lerp_mode": "catmullrom"
						},
						"1.32": {
							"post": [1, 1, 1],
							"lerp_mode": "catmullrom"
						}
					}
				}
			},
			"sound_effects": {
				"0.0": {
					"effect": "pokemon.bunigill.cry"
				}
			}
		},
		"animation.bunigill.faint": {
			"loop": "hold_on_last_frame",
			"animation_length": 3,
			"bones": {
				"body": {
					"rotation": {
						"0.0": {
							"post": [0, 0, 0],
							"lerp_mode": "catmullrom"
						},
						"0.16": {
							"post": [-17.5, 0, 0],
							"lerp_mode": "catmullrom"
						},
						"0.2": [-17.07639, 0, 0],
						"0.72": [-7.5533, 0, 0],
						"1.24": [2.5533, 0, 0],
						"1.68": [10.78808, 0, 0],
						"1.76": [12.07639, 0, 0],
						"1.8": [12.5, 0, 0],
						"2.0": [12.5, 0, 0]
					}
				},
				"slop": {
					"rotation": {
						"0.0": {
							"post": [0, 0, 0],
							"lerp_mode": "catmullrom"
						},
						"0.16": {
							"post": [17.5, 0, 0],
							"lerp_mode": "catmullrom"
						},
						"0.2": [17.07639, 0, 0],
						"0.72": [7.5533, 0, 0],
						"1.24": [-2.5533, 0, 0],
						"1.68": [-10.78808, 0, 0],
						"1.76": [-12.07639, 0, 0],
						"1.8": [-12.5, 0, 0],
						"2.0": [-12.5, 0, 0]
					}
				},
				"tail": {
					"rotation": {
						"0.0": {
							"post": [0, 0, 0],
							"lerp_mode": "catmullrom"
						},
						"0.16": {
							"post": [37.5, 0, 0],
							"lerp_mode": "catmullrom"
						},
						"0.2": [36.29978, 0, 0],
						"0.24": [34.55188, 0, 0],
						"0.76": [7.12313, 0, 0],
						"1.28": [-21.50694, 0, 0],
						"1.6": [-38.62702, 0, 0],
						"1.72": [-44.55188, 0, 0],
						"1.76": [-46.29978, 0, 0],
						"1.8": [-47.5, 0, 0],
						"2.0": [-47.5, 0, 0]
					}
				},
				"arm_l": {
					"rotation": {
						"0.0": {
							"post": [0, 0, 0],
							"lerp_mode": "catmullrom"
						},
						"0.16": {
							"post": [0, 0, -30],
							"lerp_mode": "catmullrom"
						},
						"0.2": [0.1765, 0, -29.57639],
						"0.72": [4.14446, 0, -20.0533],
						"1.24": [8.35554, 0, -9.9467],
						"1.68": [11.7867, 0, -1.71192],
						"1.76": [12.3235, 0, -0.42361],
						"1.8": [12.5, 0, 0],
						"2.0": [12.5, 0, 0]
					}
				},
				"arm_r": {
					"rotation": {
						"0.0": {
							"post": [0, 0, 0],
							"lerp_mode": "catmullrom"
						},
						"0.16": {
							"post": [0, 0, 30],
							"lerp_mode": "catmullrom"
						},
						"0.2": [0.1765, 0, 29.57639],
						"0.72": [4.14446, 0, 20.0533],
						"1.24": [8.35554, 0, 9.9467],
						"1.68": [11.7867, 0, 1.71192],
						"1.76": [12.3235, 0, 0.42361],
						"1.8": [12.5, 0, 0],
						"2.0": [12.5, 0, 0]
					}
				},
				"head": {
					"rotation": {
						"0.0": {
							"post": [0, 0, 0],
							"lerp_mode": "catmullrom"
						},
						"0.16": {
							"post": [-17.5, 0, 0],
							"lerp_mode": "catmullrom"
						},
						"0.2": [-16.93519, 0, 0],
						"0.72": [-4.23773, 0, 0],
						"1.24": [9.23773, 0, 0],
						"1.64": [19.28332, 0, 0],
						"1.76": [21.93519, 0, 0],
						"1.8": [22.5, 0, 0],
						"2.0": [22.5, 0, 0]
					}
				},
				"ear_l": {
					"rotation": {
						"0.0": {
							"post": [0, 0, 0],
							"lerp_mode": "catmullrom"
						},
						"0.16": {
							"post": [0, 0, -12.5],
							"lerp_mode": "catmullrom"
						},
						"0.2": [1.05901, 0, -12.3235],
						"0.24": [2.60128, 0, -12.06645],
						"0.76": [26.80312, 0, -8.03281],
						"1.28": [52.06495, 0, -3.82251],
						"1.6": [67.1709, 0, -1.30485],
						"1.72": [72.39872, 0, -0.43355],
						"1.76": [73.94099, 0, -0.1765],
						"1.8": [75, 0, 0],
						"2.0": [75, 0, 0]
					}
				},
				"ear_r": {
					"rotation": {
						"0.0": {
							"post": [0, 0, 0],
							"lerp_mode": "catmullrom"
						},
						"0.16": {
							"post": [0, 0, 12.5],
							"lerp_mode": "catmullrom"
						},
						"0.2": [0.77661, 0, 12.3235],
						"0.72": [18.23563, 0, 8.35554],
						"1.24": [36.76437, 0, 4.14446],
						"1.64": [50.57706, 0, 1.00521],
						"1.76": [54.22339, 0, 0.1765],
						"1.8": [55, 0, 0],
						"2.0": [55, 0, 0]
					}
				},
				"eyelid_l": {
					"position": {
						"0.0": [0, 0, 0],
						"0.72": [0, 0, 0],
						"0.76": [0.015, 0, 0]
					}
				},
				"eyelid_r": {
					"position": {
						"0.0": [0, 0, 0],
						"0.72": [0, 0, 0],
						"0.76": [-0.015, 0, 0]
					}
				}
			},
			"sound_effects": {
				"0.0": {
					"effect": "pokemon.bunigill.faint"
				}
			}
		},
		"animation.bunigill.blink": {
			"animation_length": 0.2,
			"bones": {
				"eyelid_l": {
					"position": {
						"0.0": [0.015, 0, 0],
						"0.12": [0.015, 0, 0],
						"0.16": [0, 0, 0]
					}
				},
				"eyelid_r": {
					"position": {
						"0.0": [-0.015, 0, 0],
						"0.12": [-0.015, 0, 0],
						"0.16": [0, 0, 0]
					}
				}
			}
		},
		"animation.bunigill.ear_twitch_1": {
			"animation_length": 0.16,
			"bones": {
				"ear_l": {
					"rotation": {
						"0.0": {
							"post": [0, 0, 0],
							"lerp_mode": "catmullrom"
						},
						"0.04": {
							"post": [-7.5, 0, 0],
							"lerp_mode": "catmullrom"
						},
						"0.08": {
							"post": [10, 0, 0],
							"lerp_mode": "catmullrom"
						},
						"0.12": {
							"post": [0, 0, 0],
							"lerp_mode": "catmullrom"
						},
						"0.16": [0, 0, 0]
					}
				},
				"ear_r": {
					"rotation": {
						"0.0": {
							"post": [0, 0, 0],
							"lerp_mode": "catmullrom"
						},
						"0.04": {
							"post": [7.5, 0, 0],
							"lerp_mode": "catmullrom"
						},
						"0.08": {
							"post": [-10, 0, 0],
							"lerp_mode": "catmullrom"
						},
						"0.12": {
							"post": [0, 0, 0],
							"lerp_mode": "catmullrom"
						},
						"0.16": [0, 0, 0]
					}
				}
			},
			"sound_effects": {
				"0.0": {
					"effect": "pokemon.bunigill.ear_twitch"
				}
			}
		},
		"animation.bunigill.ear_twitch_2": {
			"animation_length": 0.2,
			"bones": {
				"ear_l": {
					"rotation": {
						"0.0": {
							"post": [0, 0, 0],
							"lerp_mode": "catmullrom"
						},
						"0.04": {
							"post": [10, 0, 2.5],
							"lerp_mode": "catmullrom"
						},
						"0.08": {
							"post": [0, 0, -5],
							"lerp_mode": "catmullrom"
						},
						"0.12": {
							"post": [10, 0, 2.5],
							"lerp_mode": "catmullrom"
						},
						"0.16": {
							"post": [0, 0, -5],
							"lerp_mode": "catmullrom"
						},
						"0.2": [0, 0, 0]
					}
				}
			},
			"sound_effects": {
				"0.0": {
					"effect": "pokemon.bunigill.ear_twitch"
				}
			}
		},
		"animation.bunigill.ear_twitch_3": {
			"animation_length": 0.2,
			"bones": {
				"ear_r": {
					"rotation": {
						"0.0": {
							"post": [0, 0, 0],
							"lerp_mode": "catmullrom"
						},
						"0.04": {
							"post": [10, 0, -2.5],
							"lerp_mode": "catmullrom"
						},
						"0.08": {
							"post": [0, 0, 5],
							"lerp_mode": "catmullrom"
						},
						"0.12": {
							"post": [10, 0, -2.5],
							"lerp_mode": "catmullrom"
						},
						"0.16": {
							"post": [0, 0, 5],
							"lerp_mode": "catmullrom"
						},
						"0.2": [0, 0, 0]
					}
				}
			},
			"sound_effects": {
				"0.0": {
					"effect": "pokemon.bunigill.ear_twitch"
				}
			}
		},
		"animation.bunigill.cry": {
			"animation_length": 0.04,
			"sound_effects": {
				"0.0": {
					"effect": "pokemon.bunigill.cry"
				}
			}
		}
	}
}