{
	"format_version": "1.8.0",
	"animations": {
		"animation.drabbigil.ground_walk": {
			"loop": true,
			"animation_length": 0.52,
			"bones": {
				"lower_body": {
					"rotation": {
						"0.0": [0, 0, 0],
						"0.04": [-10, 0, 0],
						"0.08": [-12.5, 0, 0],
						"0.12": [-10, 0, 0],
						"0.16": [-2.5, 0, 0],
						"0.2": [0, 0, 0],
						"0.24": [2.5, 0, 0],
						"0.28": [7.5, 0, 0],
						"0.32": [15, 0, 0],
						"0.36": [10, 0, 0],
						"0.4": [5, 0, 0],
						"0.44": [2.5, 0, 0],
						"0.48": [0, 0, 0]
					},
					"position": {
						"0.0": [0, 1, 0],
						"0.04": [0, 4, 0],
						"0.08": [0, 5.5, 0],
						"0.12": [0, 6, 0],
						"0.16": [0, 6.2, 0],
						"0.2": [0, 6.3, 0],
						"0.24": [0, 6.2, 0],
						"0.28": [0, 6, 0],
						"0.32": [0, 5.5, 0],
						"0.36": [0, 4, 0],
						"0.4": [0, 1, 0],
						"0.44": [0, 0.2, 0],
						"0.48": [0, 0, 0]
					}
				},
				"upper_body": {
					"rotation": {
						"0.0": [-2.5, 0, 0],
						"0.04": [-7.5, 0, 0],
						"0.16": [-7.5, 0, 0],
						"0.2": [-5, 0, 0],
						"0.24": [0, 0, 0],
						"0.28": [2.5, 0, 0],
						"0.44": [2.5, 0, 0],
						"0.48": [0, 0, 0]
					}
				},
				"leg_F_L": {
					"rotation": {
						"0.08": [0, 0, 0],
						"0.16": [-7.5, 0, 0],
						"0.24": [-20, 0, 0],
						"0.32": [-60, 0, 0],
						"0.4": [-95, 0, 0],
						"0.44": [-105, 0, 0],
						"0.48": [-60, 0, 0],
						"0.52": [0, 0, 0]
					}
				},
				"lowerleg_F_L": {
					"rotation": {
						"0.08": [0, 0, 0],
						"0.16": [7.5, 0, 0],
						"0.24": [20, 0, 0],
						"0.32": [40, 0, 0],
						"0.4": [70, 0, 0],
						"0.44": [90, 0, 0],
						"0.48": [40, 0, 0],
						"0.52": [0, 0, 0]
					}
				},
				"legfrill_F_L": {
					"rotation": {
						"0.0": [0, 0, 0],
						"0.04": [0, -20, 0],
						"0.08": [0, -30, 0],
						"0.12": [0, -32.5, 0],
						"0.16": [0, -30, 0],
						"0.2": [0, -20, 0],
						"0.24": [0, 0, 0],
						"0.28": [0, 10, 0],
						"0.32": [0, 15, 0],
						"0.36": [0, 17.5, 0],
						"0.4": [0, 10, 0],
						"0.44": [0, 0, 0],
						"0.48": [0, -2.5, 0],
						"0.52": [0, 0, 0]
					}
				},
				"leg_F_R": {
					"rotation": {
						"0.08": [0, 0, 0],
						"0.16": [-7.5, 0, 0],
						"0.24": [-20, 0, 0],
						"0.32": [-60, 0, 0],
						"0.4": [-95, 0, 0],
						"0.44": [-105, 0, 0],
						"0.48": [-60, 0, 0],
						"0.52": [0, 0, 0]
					}
				},
				"lowerleg_F_R": {
					"rotation": {
						"0.08": [0, 0, 0],
						"0.16": [7.5, 0, 0],
						"0.24": [20, 0, 0],
						"0.32": [40, 0, 0],
						"0.4": [70, 0, 0],
						"0.44": [90, 0, 0],
						"0.48": [40, 0, 0],
						"0.52": [0, 0, 0]
					}
				},
				"legfrill_F_R": {
					"rotation": {
						"0.0": [0, 0, 0],
						"0.04": [0, 20, 0],
						"0.08": [0, 30, 0],
						"0.12": [0, 32.5, 0],
						"0.16": [0, 30, 0],
						"0.2": [0, 20, 0],
						"0.24": [0, 0, 0],
						"0.28": [0, -10, 0],
						"0.32": [0, -15, 0],
						"0.36": [0, -17.5, 0],
						"0.4": [0, -10, 0],
						"0.44": [0, 0, 0],
						"0.48": [0, 2.5, 0],
						"0.52": [0, 0, 0]
					}
				},
				"neck": {
					"rotation": {
						"0.0": [0, 0, 0],
						"0.04": [5, 0, 0],
						"0.12": [12.5, 0, 0],
						"0.16": [12.5, 0, 0],
						"0.2": [10, 0, 0],
						"0.24": [2.5, 0, 0],
						"0.28": [0, 0, 0]
					}
				},
				"head": {
					"rotation": {
						"0.0": [0, 0, 0],
						"0.04": [10, 0, 0],
						"0.08": [10, 0, 0],
						"0.12": [5, 0, 0],
						"0.16": [-5, 0, 0],
						"0.2": [-7.5, 0, 0],
						"0.28": [-12.5, 0, 0],
						"0.32": [-20, 0, 0],
						"0.36": [-15, 0, 0],
						"0.4": [-7.5, 0, 0],
						"0.44": [-5, 0, 0],
						"0.48": [2.5, 0, 0],
						"0.52": [0, 0, 0]
					}
				},
				"ear_R": {
					"rotation": {
						"0.0": {
							"post": [0, 0, 0],
							"lerp_mode": "catmullrom"
						},
						"0.04": {
							"post": [-2.5, 2.5, -2.5],
							"lerp_mode": "catmullrom"
						},
						"0.08": {
							"post": [-25, -20, -20],
							"lerp_mode": "catmullrom"
						},
						"0.2": {
							"post": [0, 0, 0],
							"lerp_mode": "catmullrom"
						},
						"0.28": {
							"post": [0, 12.5, 7.5],
							"lerp_mode": "catmullrom"
						},
						"0.36": {
							"post": [0, 0, 0],
							"lerp_mode": "catmullrom"
						},
						"0.4": {
							"post": [-2.5, 2.5, -2.5],
							"lerp_mode": "catmullrom"
						},
						"0.52": {
							"post": [-2.5, -2.5, -2.5],
							"lerp_mode": "catmullrom"
						},
						"0.56": {
							"post": [0, 0, 0],
							"lerp_mode": "catmullrom"
						}
					}
				},
				"ear_L": {
					"rotation": {
						"0.0": {
							"post": [0, 0, 0],
							"lerp_mode": "catmullrom"
						},
						"0.04": {
							"post": [-2.5, -2.5, 2.5],
							"lerp_mode": "catmullrom"
						},
						"0.08": {
							"post": [-25, 20, 20],
							"lerp_mode": "catmullrom"
						},
						"0.2": {
							"post": [0, 0, 0],
							"lerp_mode": "catmullrom"
						},
						"0.28": {
							"post": [0, -12.5, -7.5],
							"lerp_mode": "catmullrom"
						},
						"0.36": {
							"post": [0, 0, 0],
							"lerp_mode": "catmullrom"
						},
						"0.4": {
							"post": [-2.5, -2.5, 2.5],
							"lerp_mode": "catmullrom"
						},
						"0.52": {
							"post": [-2.5, 2.5, 2.5],
							"lerp_mode": "catmullrom"
						},
						"0.56": {
							"post": [0, 0, 0],
							"lerp_mode": "catmullrom"
						}
					}
				},
				"wing_L": {
					"rotation": {
						"0.0": [0, 0, 0],
						"0.04": [-2.5, -2.5, 2.5],
						"0.08": [-10, -7.5, 10],
						"0.12": [-12.5, -10, 15],
						"0.16": [-12.5, -10, 20],
						"0.24": [-12.5, -10, 15],
						"0.28": [-10, -7.5, 10],
						"0.32": [-2.5, -2.5, 2.5],
						"0.36": [0, 0, 0],
						"0.4": [2.5, 0, 0],
						"0.44": [5, 0, 7.5],
						"0.48": [2.5, 0, 2.5],
						"0.52": [0, 0, 0]
					}
				},
				"outerwing_L": {
					"rotation": {
						"0.04": [0, 0, 0],
						"0.08": [0, 0, -2.5],
						"0.12": [0, 0, -7.5],
						"0.16": [0, 0, -17.5],
						"0.2": [0, 0, -22.5],
						"0.24": [0, 0, -25],
						"0.36": [0, 0, -25],
						"0.4": [0, 0, -10],
						"0.44": [0, 0, 0],
						"0.48": [0, 0, 2.5],
						"0.52": [0, 0, 0]
					}
				},
				"wing_R": {
					"rotation": {
						"0.0": [0, 0, 0],
						"0.04": [-2.5, 2.5, -2.5],
						"0.08": [-10, 7.5, -10],
						"0.12": [-12.5, 10, -15],
						"0.16": [-12.5, 10, -20],
						"0.24": [-12.5, 10, -15],
						"0.28": [-10, 7.5, -10],
						"0.32": [-2.5, 2.5, -2.5],
						"0.36": [0, 0, 0],
						"0.4": [2.5, 0, 0],
						"0.44": [5, 0, -7.5],
						"0.48": [2.5, 0, -2.5],
						"0.52": [0, 0, 0]
					}
				},
				"outerwing_R": {
					"rotation": {
						"0.04": [0, 0, 0],
						"0.08": [0, 0, 2.5],
						"0.12": [0, 0, 7.5],
						"0.16": [0, 0, 17.5],
						"0.2": [0, 0, 22.5],
						"0.24": [0, 0, 25],
						"0.36": [0, 0, 25],
						"0.4": [0, 0, 10],
						"0.44": [0, 0, 0],
						"0.48": [0, 0, -2.5],
						"0.52": [0, 0, 0]
					}
				},
				"leg_B_L": {
					"rotation": {
						"0.0": [0, 0, 0],
						"0.04": [15, 0, 0],
						"0.08": [40, 0, 0],
						"0.12": [75, 0, 0],
						"0.28": [75, 0, 0],
						"0.36": [40, 0, 0],
						"0.44": [15, 0, 0],
						"0.52": [0, 0, 0]
					}
				},
				"lowerleg_B_L": {
					"rotation": {
						"0.0": [0, 0, 0],
						"0.04": [-10, 0, 0],
						"0.08": [-45, 0, 0],
						"0.12": [-82.5, 0, 0],
						"0.28": [-82.5, 0, 0],
						"0.36": [-45, 0, 0],
						"0.44": [-10, 0, 0],
						"0.52": [0, 0, 0]
					}
				},
				"foot_B_L": {
					"rotation": {
						"0.0": [0, 0, 0],
						"0.04": [10, 0, 0],
						"0.08": [55, 0, 0],
						"0.12": [140, 0, 0],
						"0.28": [140, 0, 0],
						"0.36": [55, 0, 0],
						"0.44": [10, 0, 0],
						"0.52": [0, 0, 0]
					}
				},
				"leg_B_R": {
					"rotation": {
						"0.0": [0, 0, 0],
						"0.04": [15, 0, 0],
						"0.08": [40, 0, 0],
						"0.12": [75, 0, 0],
						"0.28": [75, 0, 0],
						"0.36": [40, 0, 0],
						"0.44": [15, 0, 0],
						"0.52": [0, 0, 0]
					}
				},
				"lowerleg_B_R": {
					"rotation": {
						"0.0": [0, 0, 0],
						"0.04": [-10, 0, 0],
						"0.08": [-45, 0, 0],
						"0.12": [-82.5, 0, 0],
						"0.28": [-82.5, 0, 0],
						"0.36": [-45, 0, 0],
						"0.44": [-10, 0, 0],
						"0.52": [0, 0, 0]
					}
				},
				"foot_B_R": {
					"rotation": {
						"0.0": [0, 0, 0],
						"0.04": [10, 0, 0],
						"0.08": [55, 0, 0],
						"0.12": [140, 0, 0],
						"0.28": [140, 0, 0],
						"0.36": [55, 0, 0],
						"0.44": [10, 0, 0],
						"0.52": [0, 0, 0]
					}
				},
				"upper_tail": {
					"rotation": {
						"0.0": [0, 0, 0],
						"0.04": [-2.5, 0, 0],
						"0.08": [-7.5, 0, 0],
						"0.12": [-12.5, 0, 0],
						"0.16": [-10, 0, 0],
						"0.2": [-5, 0, 0],
						"0.24": [-2.5, 0, 0],
						"0.28": [5, 0, 0],
						"0.32": [10, 0, 0],
						"0.36": [12.5, 0, 0],
						"0.44": [12.5, 0, 0],
						"0.48": [-2.5, 0, 0],
						"0.52": [0, 0, 0]
					}
				},
				"middle_tail": {
					"rotation": {
						"0.0": [0, 0, 0],
						"0.08": [-2.5, 0, 0],
						"0.12": [-7.5, 0, 0],
						"0.16": [-15, 0, 0],
						"0.2": [-25, 0, 0],
						"0.24": [-32.5, 0, 0],
						"0.28": [-35, 0, 0],
						"0.32": [-35, 0, 0],
						"0.36": [-30, 0, 0],
						"0.4": [-17.5, 0, 0],
						"0.44": [0, 0, 0],
						"0.48": [-2.5, 0, 0],
						"0.52": [0, 0, 0]
					}
				},
				"lower_tail": {
					"rotation": {
						"0.08": [0, 0, 0],
						"0.12": [-2.5, 0, 0],
						"0.2": [-10, 0, 0],
						"0.24": [-20, 0, 0],
						"0.28": [-35, 0, 0],
						"0.32": [-40, 0, 0],
						"0.36": [-37.5, 0, 0],
						"0.4": [-25, 0, 0],
						"0.44": [-5, 0, 0],
						"0.48": [-2.5, 0, 0],
						"0.52": [0, 0, 0]
					}
				},
				"tailfrill_L": {
					"rotation": {
						"0.0": [0, 0, 0],
						"0.04": [0, 0, 25],
						"0.08": [0, 0, 40],
						"0.12": [0, 0, 45],
						"0.2": [0, 0, 50],
						"0.28": [0, 0, 45],
						"0.32": [0, 0, 35],
						"0.36": [0, 0, 20],
						"0.4": [0, 0, 5],
						"0.44": [0, 0, 7.5],
						"0.48": [0, 0, 5],
						"0.52": [0, 0, 0]
					}
				},
				"tailfrill_R": {
					"rotation": {
						"0.0": [0, 0, 0],
						"0.04": [0, 0, -25],
						"0.08": [0, 0, -40],
						"0.12": [0, 0, -45],
						"0.2": [0, 0, -50],
						"0.28": [0, 0, -45],
						"0.32": [0, 0, -35],
						"0.36": [0, 0, -20],
						"0.4": [0, 0, -5],
						"0.44": [0, 0, -7.5],
						"0.48": [0, 0, -5],
						"0.52": [0, 0, 0]
					}
				}
			}
		},
		"animation.drabbigil.ground_idle": {
			"loop": true,
			"animation_length": 6,
			"bones": {
				"upper_body": {
					"rotation": {
						"0.0": {
							"post": [0, 0, 0],
							"lerp_mode": "catmullrom"
						},
						"3.0": {
							"post": [-2.5, 0, 0],
							"lerp_mode": "catmullrom"
						},
						"6.0": {
							"post": [0, 0, 0],
							"lerp_mode": "catmullrom"
						}
					}
				},
				"leg_F_L": {
					"rotation": {
						"0.0": {
							"post": [0, 0, 0],
							"lerp_mode": "catmullrom"
						},
						"3.0": {
							"post": [0, 0, 0],
							"lerp_mode": "catmullrom"
						},
						"6.0": {
							"post": [0, 0, 0],
							"lerp_mode": "catmullrom"
						}
					}
				},
				"lowerleg_F_L": {
					"rotation": {
						"0.0": {
							"post": [0, 0, 0],
							"lerp_mode": "catmullrom"
						},
						"3.0": {
							"post": [5, 0, 0],
							"lerp_mode": "catmullrom"
						},
						"6.0": {
							"post": [0, 0, 0],
							"lerp_mode": "catmullrom"
						}
					}
				},
				"legfrill_F_L": {
					"rotation": {
						"0.0": {
							"post": [0, 0, 0],
							"lerp_mode": "catmullrom"
						},
						"3.0": {
							"post": [0, -5, 0],
							"lerp_mode": "catmullrom"
						},
						"6.0": {
							"post": [0, 0, 0],
							"lerp_mode": "catmullrom"
						}
					}
				},
				"leg_F_R": {
					"rotation": {
						"0.0": {
							"post": [0, 0, 0],
							"lerp_mode": "catmullrom"
						},
						"3.0": {
							"post": [0, 0, 0],
							"lerp_mode": "catmullrom"
						},
						"6.0": {
							"post": [0, 0, 0],
							"lerp_mode": "catmullrom"
						}
					}
				},
				"lowerleg_F_R": {
					"rotation": {
						"0.0": {
							"post": [0, 0, 0],
							"lerp_mode": "catmullrom"
						},
						"3.0": {
							"post": [5, 0, 0],
							"lerp_mode": "catmullrom"
						},
						"6.0": {
							"post": [0, 0, 0],
							"lerp_mode": "catmullrom"
						}
					}
				},
				"legfrill_F_R": {
					"rotation": {
						"0.0": {
							"post": [0, 0, 0],
							"lerp_mode": "catmullrom"
						},
						"3.0": {
							"post": [0, 5, 0],
							"lerp_mode": "catmullrom"
						},
						"6.0": {
							"post": [0, 0, 0],
							"lerp_mode": "catmullrom"
						}
					}
				},
				"head": {
					"rotation": {
						"0.0": {
							"post": [0, 0, 0],
							"lerp_mode": "catmullrom"
						},
						"3.0": {
							"post": [2.5, 0, 0],
							"lerp_mode": "catmullrom"
						},
						"6.0": {
							"post": [0, 0, 0],
							"lerp_mode": "catmullrom"
						}
					}
				},
				"ear_R": {
					"rotation": {
						"0.0": {
							"post": [0, 0, 0],
							"lerp_mode": "catmullrom"
						},
						"3.0": {
							"post": [0, 5, 5],
							"lerp_mode": "catmullrom"
						},
						"6.0": {
							"post": [0, 0, 0],
							"lerp_mode": "catmullrom"
						}
					}
				},
				"ear_L": {
					"rotation": {
						"0.0": {
							"post": [0, 0, 0],
							"lerp_mode": "catmullrom"
						},
						"3.0": {
							"post": [0, -5, -5],
							"lerp_mode": "catmullrom"
						},
						"6.0": {
							"post": [0, 0, 0],
							"lerp_mode": "catmullrom"
						}
					}
				},
				"innerwing_L": {
					"rotation": {
						"0.0": {
							"post": [0, 0, 0],
							"lerp_mode": "catmullrom"
						},
						"3.0": {
							"post": [-2.5, 0, -2.5],
							"lerp_mode": "catmullrom"
						},
						"6.0": {
							"post": [0, 0, 0],
							"lerp_mode": "catmullrom"
						}
					}
				},
				"outerwing_L": {
					"rotation": {
						"0.0": {
							"post": [0, 0, 0],
							"lerp_mode": "catmullrom"
						},
						"3.0": {
							"post": [0, 0, 2.5],
							"lerp_mode": "catmullrom"
						},
						"6.0": {
							"post": [0, 0, 0],
							"lerp_mode": "catmullrom"
						}
					}
				},
				"wing_R": {
					"rotation": {
						"0.0": {
							"post": [0, 0, 0],
							"lerp_mode": "catmullrom"
						},
						"3.0": {
							"post": [-2.5, 0, 2.5],
							"lerp_mode": "catmullrom"
						},
						"6.0": {
							"post": [0, 0, 0],
							"lerp_mode": "catmullrom"
						}
					}
				},
				"outerwing_R": {
					"rotation": {
						"0.0": {
							"post": [0, 0, 0],
							"lerp_mode": "catmullrom"
						},
						"3.0": {
							"post": [0, 0, -2.5],
							"lerp_mode": "catmullrom"
						},
						"6.0": {
							"post": [0, 0, 0],
							"lerp_mode": "catmullrom"
						}
					}
				},
				"upper_tail": {
					"rotation": {
						"0.0": {
							"post": [0, 0, 0],
							"lerp_mode": "catmullrom"
						},
						"3.0": {
							"post": [2.5, 0, 0],
							"lerp_mode": "catmullrom"
						},
						"6.0": {
							"post": [0, 0, 0],
							"lerp_mode": "catmullrom"
						}
					}
				},
				"middle_tail": {
					"rotation": {
						"0.0": {
							"post": [0, 0, 0],
							"lerp_mode": "catmullrom"
						},
						"3.0": {
							"post": [2.5, 0, 0],
							"lerp_mode": "catmullrom"
						},
						"6.0": {
							"post": [0, 0, 0],
							"lerp_mode": "catmullrom"
						}
					}
				},
				"lower_tail": {
					"rotation": {
						"0.0": {
							"post": [0, 0, 0],
							"lerp_mode": "catmullrom"
						},
						"3.0": {
							"post": [2.5, 0, 0],
							"lerp_mode": "catmullrom"
						},
						"6.0": {
							"post": [0, 0, 0],
							"lerp_mode": "catmullrom"
						}
					}
				},
				"tailfrill_L": {
					"rotation": {
						"0.0": {
							"post": [0, 0, 0],
							"lerp_mode": "catmullrom"
						},
						"3.0": {
							"post": [0, 0, -5],
							"lerp_mode": "catmullrom"
						},
						"6.0": {
							"post": [0, 0, 0],
							"lerp_mode": "catmullrom"
						}
					}
				},
				"tailfrill_R": {
					"rotation": {
						"0.0": {
							"post": [0, 0, 0],
							"lerp_mode": "catmullrom"
						},
						"3.0": {
							"post": [0, 0, 5],
							"lerp_mode": "catmullrom"
						},
						"6.0": {
							"post": [0, 0, 0],
							"lerp_mode": "catmullrom"
						}
					}
				}
			}
		},
		"animation.drabbigil.water_swim": {
			"loop": true,
			"animation_length": 1.6,
			"bones": {
				"lower_body": {
					"rotation": {
						"0.0": {
							"post": [0, 0, 2.5],
							"lerp_mode": "catmullrom"
						},
						"0.8": {
							"post": [0, 0, -2.5],
							"lerp_mode": "catmullrom"
						},
						"1.6": {
							"post": [0, 0, 2.5],
							"lerp_mode": "catmullrom"
						}
					},
					"position": [0, 2, 0]
				},
				"leg_F_L": {
					"rotation": {
						"0.0": {
							"post": [-127.5, -10, 0],
							"lerp_mode": "catmullrom"
						},
						"0.8": {
							"post": [-125, -10, 0],
							"lerp_mode": "catmullrom"
						},
						"1.6": {
							"post": [-127.5, -10, 0],
							"lerp_mode": "catmullrom"
						}
					}
				},
				"lowerleg_F_L": {
					"rotation": [80, 0, 0]
				},
				"legfrill_F_L": {
					"rotation": [0, 25, 0]
				},
				"leg_F_R": {
					"rotation": {
						"0.0": {
							"post": [-125, 10, 0],
							"lerp_mode": "catmullrom"
						},
						"0.8": {
							"post": [-127.5, 10, 0],
							"lerp_mode": "catmullrom"
						},
						"1.6": {
							"post": [-125, 10, 0],
							"lerp_mode": "catmullrom"
						}
					}
				},
				"lowerleg_F_R": {
					"rotation": [80, 0, 0]
				},
				"legfrill_F_R": {
					"rotation": [0, -25, 0]
				},
				"head": {
					"rotation": {
						"0.0": {
							"post": [-2.5, 0, -2.5],
							"lerp_mode": "catmullrom"
						},
						"0.8": {
							"post": [-2.5, 0, 2.5],
							"lerp_mode": "catmullrom"
						},
						"1.6": {
							"post": [-2.5, 0, -2.5],
							"lerp_mode": "catmullrom"
						}
					}
				},
				"ear_R": {
					"rotation": [-30, 0, -40],
					"position": [-0.3, -0.5, 0]
				},
				"ear_L": {
					"rotation": [-30, 0, 40],
					"position": [0.3, -0.5, 0]
				},
				"wing_L": {
					"rotation": {
						"0.0": {
							"post": [-20, 0, 75],
							"lerp_mode": "catmullrom"
						},
						"0.8": {
							"post": [-20, 0, 70],
							"lerp_mode": "catmullrom"
						},
						"1.6": {
							"post": [-20, 0, 75],
							"lerp_mode": "catmullrom"
						}
					}
				},
				"innerwing_L": {
					"rotation": [0, 0, 0]
				},
				"outerwing_L": {
					"rotation": [0, 0, -135]
				},
				"wing_R": {
					"rotation": {
						"0.0": {
							"post": [-20, 0, -70],
							"lerp_mode": "catmullrom"
						},
						"0.8": {
							"post": [-20, 0, -75],
							"lerp_mode": "catmullrom"
						},
						"1.6": {
							"post": [-20, 0, -70],
							"lerp_mode": "catmullrom"
						}
					}
				},
				"outerwing_R": {
					"rotation": [0, 0, 135]
				},
				"leg_B_L": {
					"rotation": {
						"0.0": {
							"post": [115, 20, 0],
							"lerp_mode": "catmullrom"
						},
						"0.8": {
							"post": [90, 20, 0],
							"lerp_mode": "catmullrom"
						},
						"1.6": {
							"post": [115, 20, 0],
							"lerp_mode": "catmullrom"
						}
					}
				},
				"lowerleg_B_L": {
					"rotation": {
						"0.0": {
							"post": [-72.5, 0, 0],
							"lerp_mode": "catmullrom"
						},
						"0.8": {
							"post": [-92.5, 0, 0],
							"lerp_mode": "catmullrom"
						},
						"1.6": {
							"post": [-72.5, 0, 0],
							"lerp_mode": "catmullrom"
						}
					}
				},
				"foot_B_L": {
					"rotation": {
						"0.0": {
							"post": [150, 0, 0],
							"lerp_mode": "catmullrom"
						},
						"0.8": {
							"post": [125, 0, 0],
							"lerp_mode": "catmullrom"
						},
						"1.6": {
							"post": [150, 0, 0],
							"lerp_mode": "catmullrom"
						}
					}
				},
				"leg_B_R": {
					"rotation": {
						"0.0": {
							"post": [90, -20, 0],
							"lerp_mode": "catmullrom"
						},
						"0.8": {
							"post": [115, -20, 0],
							"lerp_mode": "catmullrom"
						},
						"1.6": {
							"post": [90, -20, 0],
							"lerp_mode": "catmullrom"
						}
					}
				},
				"lowerleg_B_R": {
					"rotation": {
						"0.0": {
							"post": [-92.5, 0, 0],
							"lerp_mode": "catmullrom"
						},
						"0.8": {
							"post": [-72.5, 0, 0],
							"lerp_mode": "catmullrom"
						},
						"1.6": {
							"post": [-92.5, 0, 0],
							"lerp_mode": "catmullrom"
						}
					}
				},
				"foot_B_R": {
					"rotation": {
						"0.0": {
							"post": [125, 0, 0],
							"lerp_mode": "catmullrom"
						},
						"0.8": {
							"post": [150, 0, 0],
							"lerp_mode": "catmullrom"
						},
						"1.6": {
							"post": [125, 0, 0],
							"lerp_mode": "catmullrom"
						}
					}
				},
				"upper_tail": {
					"rotation": [7.5, 0, 0]
				},
				"middle_tail": {
					"rotation": {
						"0.0": {
							"post": [-5, 0, 0],
							"lerp_mode": "catmullrom"
						},
						"0.8": {
							"post": [-2.5, 0, 0],
							"lerp_mode": "catmullrom"
						},
						"1.6": {
							"post": [-5, 0, 0],
							"lerp_mode": "catmullrom"
						}
					}
				},
				"lower_tail": {
					"rotation": {
						"0.0": {
							"post": [-12.5, 0, 0],
							"lerp_mode": "catmullrom"
						},
						"0.8": {
							"post": [-15, 0, 0],
							"lerp_mode": "catmullrom"
						},
						"1.6": {
							"post": [-12.5, 0, 0],
							"lerp_mode": "catmullrom"
						}
					}
				},
				"tailfrill_L": {
					"rotation": {
						"0.0": {
							"post": [0, 0, 0],
							"lerp_mode": "catmullrom"
						},
						"0.8": {
							"post": [0, 0, 5],
							"lerp_mode": "catmullrom"
						},
						"1.6": {
							"post": [0, 0, 0],
							"lerp_mode": "catmullrom"
						}
					}
				},
				"tailfrill_R": {
					"rotation": {
						"0.0": {
							"post": [0, 0, -5],
							"lerp_mode": "catmullrom"
						},
						"0.8": {
							"post": [0, 0, 0],
							"lerp_mode": "catmullrom"
						},
						"1.6": {
							"post": [0, 0, -5],
							"lerp_mode": "catmullrom"
						}
					}
				}
			}
		},
		"animation.drabbigil.water_idle": {
			"loop": true,
			"animation_length": 6,
			"bones": {
				"lower_body": {
					"rotation": [2.5, 0, 0],
					"position": [0, 2, 0]
				},
				"leg_F_L": {
					"rotation": {
						"0.0": {
							"post": [-20, 0, -15],
							"lerp_mode": "catmullrom"
						},
						"3.0": {
							"post": [-20, 0, -20],
							"lerp_mode": "catmullrom"
						},
						"6.0": {
							"post": [-20, 0, -15],
							"lerp_mode": "catmullrom"
						}
					}
				},
				"lowerleg_F_L": {
					"rotation": [25, 0, 0]
				},
				"legfrill_F_L": {
					"rotation": {
						"0.0": {
							"post": [0, 0, 0],
							"lerp_mode": "catmullrom"
						},
						"3.0": {
							"post": [0, 5, 0],
							"lerp_mode": "catmullrom"
						},
						"6.0": {
							"post": [0, 0, 0],
							"lerp_mode": "catmullrom"
						}
					}
				},
				"leg_F_R": {
					"rotation": {
						"0.0": {
							"post": [-20, 0, 15],
							"lerp_mode": "catmullrom"
						},
						"3.0": {
							"post": [-20, 0, 20],
							"lerp_mode": "catmullrom"
						},
						"6.0": {
							"post": [-20, 0, 15],
							"lerp_mode": "catmullrom"
						}
					}
				},
				"lowerleg_F_R": {
					"rotation": [25, 0, 0]
				},
				"legfrill_F_R": {
					"rotation": {
						"0.0": {
							"post": [0, 0, 0],
							"lerp_mode": "catmullrom"
						},
						"3.0": {
							"post": [0, -5, 0],
							"lerp_mode": "catmullrom"
						},
						"6.0": {
							"post": [0, 0, 0],
							"lerp_mode": "catmullrom"
						}
					}
				},
				"head": {
					"rotation": {
						"0.0": {
							"post": [-2.5, 0, 0],
							"lerp_mode": "catmullrom"
						},
						"3.0": {
							"post": [-5, 0, 0],
							"lerp_mode": "catmullrom"
						},
						"6.0": {
							"post": [-2.5, 0, 0],
							"lerp_mode": "catmullrom"
						}
					}
				},
				"ear_R": {
					"rotation": {
						"0.0": {
							"post": [0, 0, 0],
							"lerp_mode": "catmullrom"
						},
						"3.0": {
							"post": [0, 0, 2.5],
							"lerp_mode": "catmullrom"
						},
						"6.0": {
							"post": [0, 0, 0],
							"lerp_mode": "catmullrom"
						}
					}
				},
				"ear_L": {
					"rotation": {
						"0.0": {
							"post": [0, 0, 0],
							"lerp_mode": "catmullrom"
						},
						"3.0": {
							"post": [0, 0, -2.5],
							"lerp_mode": "catmullrom"
						},
						"6.0": {
							"post": [0, 0, 0],
							"lerp_mode": "catmullrom"
						}
					}
				},
				"wing_L": {
					"rotation": {
						"0.0": {
							"post": [-5, 0, 70],
							"lerp_mode": "catmullrom"
						},
						"3.0": {
							"post": [-5, 0, 72.5],
							"lerp_mode": "catmullrom"
						},
						"6.0": {
							"post": [-5, 0, 70],
							"lerp_mode": "catmullrom"
						}
					}
				},
				"outerwing_L": {
					"rotation": [0, 0, -135]
				},
				"wing_R": {
					"rotation": {
						"0.0": {
							"post": [-5, 0, -70],
							"lerp_mode": "catmullrom"
						},
						"3.0": {
							"post": [-5, 0, -72.5],
							"lerp_mode": "catmullrom"
						},
						"6.0": {
							"post": [-5, 0, -70],
							"lerp_mode": "catmullrom"
						}
					}
				},
				"outerwing_R": {
					"rotation": [0, 0, 135]
				},
				"leg_B_L": {
					"rotation": [50, 10, -20]
				},
				"lowerleg_B_L": {
					"rotation": [-20, 0, 0]
				},
				"foot_B_L": {
					"rotation": [25, 0, 0]
				},
				"leg_B_R": {
					"rotation": [50, -10, 20]
				},
				"lowerleg_B_R": {
					"rotation": [-20, 0, 0]
				},
				"foot_B_R": {
					"rotation": [25, 0, 0]
				},
				"upper_tail": {
					"rotation": {
						"0.0": {
							"post": [7.5, 0, 0],
							"lerp_mode": "catmullrom"
						},
						"3.0": {
							"post": [5, 0, 0],
							"lerp_mode": "catmullrom"
						},
						"6.0": {
							"post": [7.5, 0, 0],
							"lerp_mode": "catmullrom"
						}
					}
				},
				"middle_tail": {
					"rotation": {
						"0.0": {
							"post": [5, 0, 0],
							"lerp_mode": "catmullrom"
						},
						"3.0": {
							"post": [2.5, 0, 0],
							"lerp_mode": "catmullrom"
						},
						"6.0": {
							"post": [5, 0, 0],
							"lerp_mode": "catmullrom"
						}
					}
				},
				"lower_tail": {
					"rotation": {
						"0.0": {
							"post": [5, 0, 0],
							"lerp_mode": "catmullrom"
						},
						"3.0": {
							"post": [2.5, 0, 0],
							"lerp_mode": "catmullrom"
						},
						"6.0": {
							"post": [5, 0, 0],
							"lerp_mode": "catmullrom"
						}
					}
				},
				"tailfrill_L": {
					"rotation": {
						"0.0": {
							"post": [0, 0, 35],
							"lerp_mode": "catmullrom"
						},
						"3.0": {
							"post": [0, 0, 40],
							"lerp_mode": "catmullrom"
						},
						"6.0": {
							"post": [0, 0, 35],
							"lerp_mode": "catmullrom"
						}
					}
				},
				"tailfrill_R": {
					"rotation": {
						"0.0": {
							"post": [0, 0, -35],
							"lerp_mode": "catmullrom"
						},
						"3.0": {
							"post": [0, 0, -40],
							"lerp_mode": "catmullrom"
						},
						"6.0": {
							"post": [0, 0, -35],
							"lerp_mode": "catmullrom"
						}
					}
				}
			}
		},
		"animation.drabbigil.air_fly": {
			"loop": true
		},
		"animation.drabbigil.air_idle": {
			"loop": true
		},
		"animation.drabbigil.sleep": {
			"loop": true,
			"animation_length": 10,
			"bones": {
				"lower_body": {
					"rotation": [2.5, 0, 0],
					"position": [0, -1.5, 0]
				},
				"leg_F_L": {
					"rotation": [2.5, 0, 0]
				},
				"lowerleg_F_L": {
					"rotation": [-47.5, 0, 0]
				},
				"legfrill_F_L": {
					"rotation": [0, 40, 0]
				},
				"leg_F_R": {
					"rotation": [2.5, 0, 0]
				},
				"lowerleg_F_R": {
					"rotation": [-47.5, 0, 0]
				},
				"legfrill_F_R": {
					"rotation": [0, -40, 0]
				},
				"neck": {
					"rotation": [12.5, 0, 0]
				},
				"head": {
					"rotation": {
						"0.0": {
							"post": [-7.5, 0, 0],
							"lerp_mode": "catmullrom"
						},
						"5.0": {
							"post": [-10, 0, 0],
							"lerp_mode": "catmullrom"
						},
						"10.0": {
							"post": [-7.5, 0, 0],
							"lerp_mode": "catmullrom"
						}
					},
					"position": [0, -1, 0]
				},
				"ear_R": {
					"rotation": {
						"0.0": {
							"post": [35, -25, -80],
							"lerp_mode": "catmullrom"
						},
						"5.0": {
							"post": [35, -25, -85],
							"lerp_mode": "catmullrom"
						},
						"10.0": {
							"post": [35, -25, -80],
							"lerp_mode": "catmullrom"
						}
					},
					"position": [0, -1.1, 0]
				},
				"ear_L": {
					"rotation": {
						"0.0": {
							"post": [35, 25, 80],
							"lerp_mode": "catmullrom"
						},
						"5.0": {
							"post": [35, 25, 85],
							"lerp_mode": "catmullrom"
						},
						"10.0": {
							"post": [35, 25, 80],
							"lerp_mode": "catmullrom"
						}
					},
					"position": [0, -1.1, 0]
				},
				"wing_L": {
					"rotation": {
						"0.0": {
							"post": [0, 0, 95],
							"lerp_mode": "catmullrom"
						},
						"5.0": {
							"post": [0, 0, 97.5],
							"lerp_mode": "catmullrom"
						},
						"10.0": {
							"post": [0, 0, 95],
							"lerp_mode": "catmullrom"
						}
					}
				},
				"outerwing_L": {
					"rotation": {
						"0.0": {
							"post": [0, 0, -170],
							"lerp_mode": "catmullrom"
						},
						"5.0": {
							"post": [0, 0, -172.5],
							"lerp_mode": "catmullrom"
						},
						"10.0": {
							"post": [0, 0, -170],
							"lerp_mode": "catmullrom"
						}
					}
				},
				"wing_R": {
					"rotation": {
						"0.0": {
							"post": [0, 0, -95],
							"lerp_mode": "catmullrom"
						},
						"5.0": {
							"post": [0, 0, -97.5],
							"lerp_mode": "catmullrom"
						},
						"10.0": {
							"post": [0, 0, -95],
							"lerp_mode": "catmullrom"
						}
					}
				},
				"outerwing_R": {
					"rotation": {
						"0.0": {
							"post": [0, 0, 170],
							"lerp_mode": "catmullrom"
						},
						"5.0": {
							"post": [0, 0, 172.5],
							"lerp_mode": "catmullrom"
						},
						"10.0": {
							"post": [0, 0, 170],
							"lerp_mode": "catmullrom"
						}
					}
				},
				"leg_B_L": {
					"rotation": [-15, 0, 0]
				},
				"lowerleg_B_L": {
					"rotation": [20, 0, 0]
				},
				"foot_B_L": {
					"rotation": [-10, 0, 0]
				},
				"leg_B_R": {
					"rotation": [-15, 0, 0]
				},
				"lowerleg_B_R": {
					"rotation": [20, 0, 0]
				},
				"foot_B_R": {
					"rotation": [-10, 0, 0]
				},
				"upper_tail": {
					"rotation": {
						"0.0": {
							"post": [-10, 17.5, 0],
							"lerp_mode": "catmullrom"
						},
						"5.0": {
							"post": [-12.5, 17.5, 0],
							"lerp_mode": "catmullrom"
						},
						"10.0": {
							"post": [-10, 17.5, 0],
							"lerp_mode": "catmullrom"
						}
					}
				},
				"middle_tail": {
					"rotation": [0, 30, 0]
				},
				"lower_tail": {
					"rotation": [-25, 40, 0]
				},
				"tailfrill_L": {
					"rotation": [0, 0, 50]
				},
				"tailfrill_R": {
					"rotation": [0, 0, -50]
				},
				"eyelid_L": {
					"position": [0.21, 0, 0]
				},
				"eyelid_R": {
					"position": [-0.21, 0, 0]
				}
			}
		},
		"animation.drabbigil.faint": {
			"loop": true
		},
		"animation.drabbigil.cry": {
			"loop": true
		},
		"animation.drabbigil.idle_cry": {
			"loop": true
		},
		"animation.drabbigil.blink": {
			"animation_length": 0.2,
			"bones": {
				"eyelid_L": {
					"position": {
						"0.0": [0.205, 0, 0],
						"0.16": [0.205, 0, 0],
						"0.2": [0, 0, 0]
					}
				},
				"eyelid_R": {
					"position": {
						"0.0": [-0.205, 0, 0],
						"0.16": [-0.205, 0, 0],
						"0.2": [0, 0, 0]
					}
				}
			}
		}
	}
}