{
	"format_version": "1.8.0",
	"animations": {
		"animation.jackarrion.ground_idle": {
			"loop": true,
			"animation_length": 6,
			"bones": {
				"body": {
					"rotation": {
						"0.0": {
							"post": [2.5, 0, 0],
							"lerp_mode": "catmullrom"
						},
						"3.0": {
							"post": [0, 0, 0],
							"lerp_mode": "catmullrom"
						},
						"6.0": {
							"post": [2.5, 0, 0],
							"lerp_mode": "catmullrom"
						}
					},
					"position": {
						"0.0": {
							"post": [0, 0, 0.1],
							"lerp_mode": "catmullrom"
						},
						"3.0": {
							"post": [0, 0, -0.1],
							"lerp_mode": "catmullrom"
						},
						"6.0": {
							"post": [0, 0, 0.1],
							"lerp_mode": "catmullrom"
						}
					}
				},
				"head": {
					"rotation": {
						"0.0": {
							"post": [-2.5, 0, 0],
							"lerp_mode": "catmullrom"
						},
						"3.0": {
							"post": [2.5, 0, 0],
							"lerp_mode": "catmullrom"
						},
						"6.0": {
							"post": [-2.5, 0, 0],
							"lerp_mode": "catmullrom"
						}
					}
				},
				"ear_l": {
					"rotation": {
						"0.0": {
							"post": [-2.5, 0, 0],
							"lerp_mode": "catmullrom"
						},
						"3.0": {
							"post": [2.5, 0, 0],
							"lerp_mode": "catmullrom"
						},
						"6.0": {
							"post": [-2.5, 0, 0],
							"lerp_mode": "catmullrom"
						}
					}
				},
				"ear_r": {
					"rotation": {
						"0.0": {
							"post": [-2.5, 0, 0],
							"lerp_mode": "catmullrom"
						},
						"3.0": {
							"post": [2.5, 0, 0],
							"lerp_mode": "catmullrom"
						},
						"6.0": {
							"post": [-2.5, 0, 0],
							"lerp_mode": "catmullrom"
						}
					}
				},
				"foot_l": {
					"rotation": {
						"0.0": {
							"post": [-2.5, 0, 0],
							"lerp_mode": "catmullrom"
						},
						"3.0": {
							"post": [0, 0, 0],
							"lerp_mode": "catmullrom"
						},
						"6.0": {
							"post": [-2.5, 0, 0],
							"lerp_mode": "catmullrom"
						}
					}
				},
				"foot_r": {
					"rotation": {
						"0.0": {
							"post": [-2.5, 0, 0],
							"lerp_mode": "catmullrom"
						},
						"3.0": {
							"post": [0, 0, 0],
							"lerp_mode": "catmullrom"
						},
						"6.0": {
							"post": [-2.5, 0, 0],
							"lerp_mode": "catmullrom"
						}
					}
				},
				"frontleg_l": {
					"rotation": {
						"0.0": {
							"post": [-5, 0, 0],
							"lerp_mode": "catmullrom"
						},
						"3.0": {
							"post": [0, 0, 0],
							"lerp_mode": "catmullrom"
						},
						"6.0": {
							"post": [-5, 0, 0],
							"lerp_mode": "catmullrom"
						}
					}
				},
				"frontleg_r": {
					"rotation": {
						"0.0": {
							"post": [-5, 0, 0],
							"lerp_mode": "catmullrom"
						},
						"3.0": {
							"post": [0, 0, 0],
							"lerp_mode": "catmullrom"
						},
						"6.0": {
							"post": [-5, 0, 0],
							"lerp_mode": "catmullrom"
						}
					}
				},
				"tail": {
					"rotation": {
						"0.0": {
							"post": [0, 0, 0],
							"lerp_mode": "catmullrom"
						},
						"3.0": {
							"post": [7.5, 0, 0],
							"lerp_mode": "catmullrom"
						},
						"6.0": {
							"post": [0, 0, 0],
							"lerp_mode": "catmullrom"
						}
					}
				}
			}
		},
		"animation.jackarrion.ground_walk": {
			"loop": true,
			"animation_length": 0.52,
			"bones": {
				"body": {
					"rotation": {
						"0.04": [0, 0, 0],
						"0.08": [2.5, 0, 0],
						"0.48": [-2.5, 0, 0],
						"0.52": [-2.5, 0, 0]
					},
					"position": {
						"0.04": [0, 0, 0],
						"0.08": [0, 2, 0],
						"0.12": [0, 3, 0],
						"0.16": [0, 3.5, 0],
						"0.2": [0, 3.75, 0],
						"0.24": [0, 3.9, 0],
						"0.28": [0, 4, 0],
						"0.32": [0, 3.9, 0],
						"0.36": [0, 3.75, 0],
						"0.4": [0, 3.5, 0],
						"0.44": [0, 3, 0],
						"0.48": [0, 2, 0],
						"0.52": [0, 0, 0]
					}
				},
				"head": {
					"rotation": {
						"0.04": [0, 0, 0],
						"0.08": [-2.5, 0, 0],
						"0.52": [0, 0, 0]
					}
				},
				"ear_l": {
					"rotation": {
						"0.04": [0, 0, 0],
						"0.08": [-20, 0, 5],
						"0.12": [-10, 0, 0],
						"0.16": [-5, 0, 0],
						"0.2": [-2.5, 0, 0],
						"0.36": [2.5, 0, 0],
						"0.4": [5, 0, 0],
						"0.44": [10, 0, 0],
						"0.48": [10, 0, -5],
						"0.52": [5, 0, 0]
					}
				},
				"ear_r": {
					"rotation": {
						"0.04": [0, 0, 0],
						"0.08": [-20, 0, -5],
						"0.12": [-10, 0, 0],
						"0.16": [-5, 0, 0],
						"0.2": [-2.5, 0, 0],
						"0.36": [2.5, 0, 0],
						"0.4": [5, 0, 0],
						"0.44": [10, 0, 0],
						"0.48": [10, 0, 5],
						"0.52": [5, 0, 0]
					}
				},
				"leg_l": {
					"rotation": {
						"0.04": [0, 0, 0],
						"0.08": [20, 0, 0],
						"0.12": [27.5, 0, 0],
						"0.16": [30, 0, 0],
						"0.28": [30, 0, 0],
						"0.36": [27.5, 0, 0],
						"0.4": [20, 0, 0],
						"0.44": [0, 0, 0]
					}
				},
				"foot_l": {
					"rotation": {
						"0.04": [0, 0, 0],
						"0.08": [30, 0, 0],
						"0.12": [45, 0, 0],
						"0.16": [52.5, 0, 0],
						"0.28": [45, 0, 0],
						"0.36": [20, 0, 0],
						"0.4": [7.5, 0, 0],
						"0.44": [0, 0, 0]
					}
				},
				"leg_r": {
					"rotation": {
						"0.04": [0, 0, 0],
						"0.08": [20, 0, 0],
						"0.12": [27.5, 0, 0],
						"0.16": [30, 0, 0],
						"0.28": [30, 0, 0],
						"0.36": [27.5, 0, 0],
						"0.4": [20, 0, 0],
						"0.44": [0, 0, 0]
					}
				},
				"foot_r": {
					"rotation": {
						"0.04": [0, 0, 0],
						"0.08": [30, 0, 0],
						"0.12": [45, 0, 0],
						"0.16": [52.5, 0, 0],
						"0.28": [45, 0, 0],
						"0.36": [20, 0, 0],
						"0.4": [7.5, 0, 0],
						"0.44": [0, 0, 0]
					}
				},
				"frontleg_l": {
					"rotation": {
						"0.04": [0, 0, 0],
						"0.08": [15, 0, 0],
						"0.12": [25, 0, 0],
						"0.16": [30, 0, 0],
						"0.24": [35, 0, 0],
						"0.32": [35, 0, 0],
						"0.4": [30, 0, 0],
						"0.44": [25, 0, 0],
						"0.48": [15, 0, 0],
						"0.52": [0, 0, 0]
					}
				},
				"frontleg_r": {
					"rotation": {
						"0.04": [0, 0, 0],
						"0.08": [15, 0, 0],
						"0.12": [25, 0, 0],
						"0.16": [30, 0, 0],
						"0.24": [35, 0, 0],
						"0.32": [35, 0, 0],
						"0.4": [30, 0, 0],
						"0.44": [25, 0, 0],
						"0.48": [15, 0, 0],
						"0.52": [0, 0, 0]
					}
				},
				"wingnub_l": {
					"rotation": {
						"0.04": [0, 0, 0],
						"0.08": [0, 0, 7.5],
						"0.12": [0, 0, 2.5],
						"0.16": [0, 0, 0],
						"0.4": [0, 0, 0],
						"0.44": [0, 0, -2.5],
						"0.48": [0, 0, -7.5],
						"0.52": [0, 0, -7.5]
					}
				},
				"wingnub_r": {
					"rotation": {
						"0.04": [0, 0, 0],
						"0.08": [0, 0, -7.5],
						"0.12": [0, 0, -2.5],
						"0.16": [0, 0, 0],
						"0.4": [0, 0, 0],
						"0.44": [0, 0, 2.5],
						"0.48": [0, 0, 7.5],
						"0.52": [0, 0, 0]
					}
				},
				"tail": {
					"rotation": {
						"0.04": [0, 0, 0],
						"0.08": [-20, 0, 0],
						"0.12": [-10, 0, 0],
						"0.16": [-5, 0, 0],
						"0.2": [-2.5, 0, 0],
						"0.36": [2.5, 0, 0],
						"0.4": [5, 0, 0],
						"0.44": [10, 0, 0],
						"0.48": [10, 0, 0],
						"0.52": [5, 0, 0]
					}
				}
			}
		},
		"animation.jackarrion.water_idle": {
			"loop": true,
			"animation_length": 6,
			"bones": {
				"root": {
					"position": {
						"0.0": {
							"post": [0, 1.1, 0],
							"lerp_mode": "catmullrom"
						},
						"3.0": {
							"post": [0, 0.9, 0],
							"lerp_mode": "catmullrom"
						},
						"6.0": {
							"post": [0, 1.1, 0],
							"lerp_mode": "catmullrom"
						}
					}
				},
				"head": {
					"rotation": {
						"0.0": {
							"post": [2.5, 0, 0],
							"lerp_mode": "catmullrom"
						},
						"3.0": {
							"post": [0, 0, 0],
							"lerp_mode": "catmullrom"
						},
						"6.0": {
							"post": [2.5, 0, 0],
							"lerp_mode": "catmullrom"
						}
					}
				},
				"ear_l": {
					"rotation": {
						"0.0": {
							"post": [0, 0, 0],
							"lerp_mode": "catmullrom"
						},
						"3.0": {
							"post": [-10, 0, 2.5],
							"lerp_mode": "catmullrom"
						},
						"6.0": {
							"post": [0, 0, 0],
							"lerp_mode": "catmullrom"
						}
					}
				},
				"ear_r": {
					"rotation": {
						"0.0": {
							"post": [0, 0, 0],
							"lerp_mode": "catmullrom"
						},
						"3.0": {
							"post": [-10, 0, -2.5],
							"lerp_mode": "catmullrom"
						},
						"6.0": {
							"post": [0, 0, 0],
							"lerp_mode": "catmullrom"
						}
					}
				},
				"leg_l": {
					"rotation": {
						"0.0": {
							"post": [25, 0, -15],
							"lerp_mode": "catmullrom"
						},
						"3.0": {
							"post": [30, 0, -17.5],
							"lerp_mode": "catmullrom"
						},
						"6.0": {
							"post": [25, 0, -15],
							"lerp_mode": "catmullrom"
						}
					}
				},
				"foot_l": {
					"rotation": {
						"0.0": {
							"post": [0, 0, 0],
							"lerp_mode": "catmullrom"
						},
						"3.0": {
							"post": [5, 0, 0],
							"lerp_mode": "catmullrom"
						},
						"6.0": {
							"post": [0, 0, 0],
							"lerp_mode": "catmullrom"
						}
					}
				},
				"leg_r": {
					"rotation": {
						"0.0": {
							"post": [25, 0, 15],
							"lerp_mode": "catmullrom"
						},
						"3.0": {
							"post": [30, 0, 17.5],
							"lerp_mode": "catmullrom"
						},
						"6.0": {
							"post": [25, 0, 15],
							"lerp_mode": "catmullrom"
						}
					}
				},
				"foot_r": {
					"rotation": {
						"0.0": {
							"post": [0, 0, 0],
							"lerp_mode": "catmullrom"
						},
						"3.0": {
							"post": [5, 0, 0],
							"lerp_mode": "catmullrom"
						},
						"6.0": {
							"post": [0, 0, 0],
							"lerp_mode": "catmullrom"
						}
					}
				},
				"frontleg_l": {
					"rotation": {
						"0.0": {
							"post": [-7.5, 0, -15],
							"lerp_mode": "catmullrom"
						},
						"3.0": {
							"post": [-10, 0, -20],
							"lerp_mode": "catmullrom"
						},
						"6.0": {
							"post": [-7.5, 0, -15],
							"lerp_mode": "catmullrom"
						}
					}
				},
				"frontleg_r": {
					"rotation": {
						"0.0": {
							"post": [-7.5, 0, 15],
							"lerp_mode": "catmullrom"
						},
						"3.0": {
							"post": [-10, 0, 20],
							"lerp_mode": "catmullrom"
						},
						"6.0": {
							"post": [-7.5, 0, 15],
							"lerp_mode": "catmullrom"
						}
					}
				},
				"wingnub_l": {
					"rotation": {
						"0.0": {
							"post": [0, 0, 0],
							"lerp_mode": "catmullrom"
						},
						"3.0": {
							"post": [0, 0, 5],
							"lerp_mode": "catmullrom"
						},
						"6.0": {
							"post": [0, 0, 0],
							"lerp_mode": "catmullrom"
						}
					}
				},
				"wingnub_r": {
					"rotation": {
						"0.0": {
							"post": [0, 0, 0],
							"lerp_mode": "catmullrom"
						},
						"3.0": {
							"post": [0, 0, -5],
							"lerp_mode": "catmullrom"
						},
						"6.0": {
							"post": [0, 0, 0],
							"lerp_mode": "catmullrom"
						}
					}
				},
				"tail": {
					"rotation": {
						"0.0": {
							"post": [10, 0, 0],
							"lerp_mode": "catmullrom"
						},
						"3.0": {
							"post": [0, 0, 0],
							"lerp_mode": "catmullrom"
						},
						"6.0": {
							"post": [10, 0, 0],
							"lerp_mode": "catmullrom"
						}
					}
				}
			}
		},
		"animation.jackarrion.water_swim": {
			"loop": true,
			"animation_length": 1.8,
			"bones": {
				"body": {
					"rotation": {
						"0.0": {
							"post": [0, 0, 0],
							"lerp_mode": "catmullrom"
						},
						"0.4": {
							"post": [2.5, 0, 0],
							"lerp_mode": "catmullrom"
						},
						"1.8": {
							"post": [0, 0, 0],
							"lerp_mode": "catmullrom"
						}
					},
					"position": {
						"0.0": {
							"post": [0, 0.9, 0],
							"lerp_mode": "catmullrom"
						},
						"0.4": {
							"post": [0, 1.1, 0],
							"lerp_mode": "catmullrom"
						},
						"1.8": {
							"post": [0, 0.9, 0],
							"lerp_mode": "catmullrom"
						}
					}
				},
				"head": {
					"rotation": {
						"0.0": {
							"post": [0, 0, 0],
							"lerp_mode": "catmullrom"
						},
						"0.4": {
							"post": [-5, 0, 0],
							"lerp_mode": "catmullrom"
						},
						"1.8": {
							"post": [0, 0, 0],
							"lerp_mode": "catmullrom"
						}
					}
				},
				"ear_l": {
					"rotation": {
						"0.0": {
							"post": [0, 0, 0],
							"lerp_mode": "catmullrom"
						},
						"0.4": {
							"post": [-30, 0, 15],
							"lerp_mode": "catmullrom"
						},
						"1.8": {
							"post": [0, 0, 0],
							"lerp_mode": "catmullrom"
						}
					}
				},
				"ear_r": {
					"rotation": {
						"0.0": {
							"post": [0, 0, 0],
							"lerp_mode": "catmullrom"
						},
						"0.4": {
							"post": [-30, 0, -15],
							"lerp_mode": "catmullrom"
						},
						"1.8": {
							"post": [0, 0, 0],
							"lerp_mode": "catmullrom"
						}
					}
				},
				"leg_l": {
					"rotation": {
						"0.0": {
							"post": [25, 0, -15],
							"lerp_mode": "catmullrom"
						},
						"0.4": {
							"post": [50, 0, -5],
							"lerp_mode": "catmullrom"
						},
						"1.8": {
							"post": [25, 0, -15],
							"lerp_mode": "catmullrom"
						}
					}
				},
				"foot_l": {
					"rotation": {
						"0.0": {
							"post": [0, 0, 0],
							"lerp_mode": "catmullrom"
						},
						"0.4": {
							"post": [35, 0, 0],
							"lerp_mode": "catmullrom"
						},
						"1.8": {
							"post": [0, 0, 0],
							"lerp_mode": "catmullrom"
						}
					}
				},
				"leg_r": {
					"rotation": {
						"0.0": {
							"post": [25, 0, 15],
							"lerp_mode": "catmullrom"
						},
						"0.4": {
							"post": [50, 0, 5],
							"lerp_mode": "catmullrom"
						},
						"1.8": {
							"post": [25, 0, 15],
							"lerp_mode": "catmullrom"
						}
					}
				},
				"foot_r": {
					"rotation": {
						"0.0": {
							"post": [0, 0, 0],
							"lerp_mode": "catmullrom"
						},
						"0.4": {
							"post": [35, 0, 0],
							"lerp_mode": "catmullrom"
						},
						"1.8": {
							"post": [0, 0, 0],
							"lerp_mode": "catmullrom"
						}
					}
				},
				"frontleg_l": {
					"rotation": {
						"0.0": {
							"post": [-7.5, 0, -15],
							"lerp_mode": "catmullrom"
						},
						"0.4": {
							"post": [55, 0, -25],
							"lerp_mode": "catmullrom"
						},
						"1.8": {
							"post": [-7.5, 0, -15],
							"lerp_mode": "catmullrom"
						}
					}
				},
				"frontleg_r": {
					"rotation": {
						"0.0": {
							"post": [-7.5, 0, 15],
							"lerp_mode": "catmullrom"
						},
						"0.4": {
							"post": [55, 0, 25],
							"lerp_mode": "catmullrom"
						},
						"1.8": {
							"post": [-7.5, 0, 15],
							"lerp_mode": "catmullrom"
						}
					}
				},
				"wingnub_l": {
					"rotation": {
						"0.0": {
							"post": [0, 0, 0],
							"lerp_mode": "catmullrom"
						},
						"0.4": {
							"post": [0, 0, 10],
							"lerp_mode": "catmullrom"
						},
						"1.8": {
							"post": [0, 0, 0],
							"lerp_mode": "catmullrom"
						}
					}
				},
				"wingnub_r": {
					"rotation": {
						"0.0": {
							"post": [0, 0, 0],
							"lerp_mode": "catmullrom"
						},
						"0.4": {
							"post": [0, 0, -10],
							"lerp_mode": "catmullrom"
						},
						"1.8": {
							"post": [0, 0, 0],
							"lerp_mode": "catmullrom"
						}
					}
				},
				"tail": {
					"rotation": {
						"0.0": {
							"post": [0, 0, 0],
							"lerp_mode": "catmullrom"
						},
						"0.4": {
							"post": [-20, 0, 0],
							"lerp_mode": "catmullrom"
						},
						"1.8": {
							"post": [0, 0, 0],
							"lerp_mode": "catmullrom"
						}
					}
				}
			}
		},
		"animation.jackarrion.sleep": {
			"loop": true,
			"animation_length": 10,
			"bones": {
				"body": {
					"rotation": [10, 0, 0],
					"position": [0, -1.9, 1.5]
				},
				"head": {
					"rotation": {
						"0.0": {
							"post": [5, 0, 0],
							"lerp_mode": "catmullrom"
						},
						"5.0": {
							"post": [7.5, 0, 0],
							"lerp_mode": "catmullrom"
						},
						"10.0": {
							"post": [5, 0, 0],
							"lerp_mode": "catmullrom"
						}
					}
				},
				"ear_l": {
					"rotation": {
						"0.0": {
							"post": [-40, 20, 0],
							"lerp_mode": "catmullrom"
						},
						"5.0": {
							"post": [-50, 25, 0],
							"lerp_mode": "catmullrom"
						},
						"10.0": {
							"post": [-40, 20, 0],
							"lerp_mode": "catmullrom"
						}
					}
				},
				"ear_r": {
					"rotation": {
						"0.0": {
							"post": [-40, -20, 0],
							"lerp_mode": "catmullrom"
						},
						"5.0": {
							"post": [-50, -25, 0],
							"lerp_mode": "catmullrom"
						},
						"10.0": {
							"post": [-40, -20, 0],
							"lerp_mode": "catmullrom"
						}
					}
				},
				"leg_l": {
					"rotation": [5, -10, -15],
					"position": [0, 0.5, 0]
				},
				"foot_l": {
					"rotation": [-15, 0, 0]
				},
				"leg_r": {
					"rotation": [5, 10, 15],
					"position": [0, 0.5, 0]
				},
				"foot_r": {
					"rotation": [-15, 0, 0]
				},
				"frontleg_l": {
					"rotation": [-70, 15, 0],
					"position": [0, -0.5, 0]
				},
				"frontleg_r": {
					"rotation": [-70, -15, 0],
					"position": [0, -0.5, 0]
				},
				"wingnub_l": {
					"rotation": {
						"0.0": {
							"post": [0, 0, 20],
							"lerp_mode": "catmullrom"
						},
						"5.0": {
							"post": [0, 0, 30],
							"lerp_mode": "catmullrom"
						},
						"10.0": {
							"post": [0, 0, 20],
							"lerp_mode": "catmullrom"
						}
					}
				},
				"wingnub_r": {
					"rotation": {
						"0.0": {
							"post": [0, 0, -20],
							"lerp_mode": "catmullrom"
						},
						"5.0": {
							"post": [0, 0, -30],
							"lerp_mode": "catmullrom"
						},
						"10.0": {
							"post": [0, 0, -20],
							"lerp_mode": "catmullrom"
						}
					}
				},
				"tail": {
					"rotation": {
						"0.0": {
							"post": [-30, 0, 0],
							"lerp_mode": "catmullrom"
						},
						"5.0": {
							"post": [-42.5, 0, 0],
							"lerp_mode": "catmullrom"
						},
						"10.0": {
							"post": [-30, 0, 0],
							"lerp_mode": "catmullrom"
						}
					}
				},
				"eyelid_r": {
					"position": [-0.105, 0, 0]
				},
				"eyelid_l": {
					"position": [0.105, 0, 0]
				}
			}
		},
		"animation.jackarrion.faint": {
			"loop": "hold_on_last_frame",
			"animation_length": 1.64,
			"bones": {
				"body": {
					"rotation": {
						"0.0": [0, 0, 0],
						"0.04": [-20, 0, 0],
						"0.08": [-30, 0, 0],
						"0.12": [-35, 0, 0],
						"0.16": [-37.5, 0, 0],
						"0.24": [-40, 0, 0],
						"0.6": [-37.5, 0, 0],
						"0.84": [-35, 0, 0],
						"1.04": [-30, 0, 0],
						"1.24": [-15, 0, 0],
						"1.44": [10, 0, 0]
					},
					"position": {
						"1.24": [0, 0, 0],
						"1.44": [0, -1.9, 0]
					}
				},
				"eyelid_l": {
					"position": {
						"1.08": [0, 0, 0],
						"1.12": [0.105, 0, 0]
					}
				},
				"eyelid_r": {
					"position": {
						"1.08": [0, 0, 0],
						"1.12": [-0.105, 0, 0]
					}
				},
				"leg_l": {
					"rotation": {
						"0.0": [0, 0, 0],
						"0.08": [-10, 0, -10],
						"0.16": [-15, 0, -15],
						"0.24": [-17.5, 0, -17.5],
						"1.24": {
							"pre": [-17.5, 0, -17.5],
							"post": [-17.5, 0, -17.5],
							"lerp_mode": "catmullrom"
						},
						"1.44": {
							"post": [10, -10, -40],
							"lerp_mode": "catmullrom"
						},
						"1.64": [10, -10, -40]
					}
				},
				"leg_r": {
					"rotation": {
						"0.0": [0, 0, 0],
						"1.24": [0, 0, 0],
						"1.28": {
							"pre": [0, 0, 0],
							"post": [0, 0, 0],
							"lerp_mode": "catmullrom"
						},
						"1.44": {
							"post": [10, 10, 40],
							"lerp_mode": "catmullrom"
						},
						"1.64": [10, 10, 40]
					}
				},
				"head": {
					"rotation": {
						"0.0": [7.5, 0, 0],
						"0.04": [-5, 0, 0],
						"0.08": [-7.5, 0, 0],
						"0.6": {
							"pre": [-7.5, 0, 0],
							"post": [-7.5, 0, 0],
							"lerp_mode": "catmullrom"
						},
						"1.44": {
							"post": [12.5, 0, 5],
							"lerp_mode": "catmullrom"
						},
						"1.64": [12.5, 0, 5]
					}
				},
				"ear_l": {
					"rotation": {
						"0.0": [0, 0, 0],
						"0.04": [20, 0, 0],
						"0.08": [30, 0, 0],
						"0.6": {
							"pre": [20, 0, 0],
							"post": [20, 0, 0],
							"lerp_mode": "catmullrom"
						},
						"0.84": {
							"post": [10, 0, 0],
							"lerp_mode": "catmullrom"
						},
						"1.04": {
							"post": [-5, 5, 0],
							"lerp_mode": "catmullrom"
						},
						"1.24": {
							"post": [-30, 10, 0],
							"lerp_mode": "catmullrom"
						},
						"1.44": {
							"post": [-70, 30, 0],
							"lerp_mode": "catmullrom"
						},
						"1.64": [-60, 35, 0]
					}
				},
				"ear_r": {
					"rotation": {
						"0.0": [0, 0, 0],
						"0.04": [20, 0, 0],
						"0.08": [30, 0, 0],
						"0.6": {
							"pre": [20, 0, 0],
							"post": [20, 0, 0],
							"lerp_mode": "catmullrom"
						},
						"0.84": {
							"post": [10, 0, 0],
							"lerp_mode": "catmullrom"
						},
						"1.04": {
							"post": [-5, 5, 0],
							"lerp_mode": "catmullrom"
						},
						"1.24": {
							"post": [-25, -10, 0],
							"lerp_mode": "catmullrom"
						},
						"1.44": {
							"post": [-60, -30, 0],
							"lerp_mode": "catmullrom"
						},
						"1.64": [-50, -35, 0]
					}
				},
				"foot_r": {
					"rotation": {
						"0.0": [0, 0, 0],
						"0.04": [20, 0, 0],
						"0.08": [30, 0, 0],
						"0.12": [35, 0, 0],
						"0.16": [37.5, 0, 0],
						"0.24": [40, 0, 0],
						"0.6": [37.5, 0, 0],
						"0.84": [35, 0, 0],
						"1.04": [30, 0, 0],
						"1.24": [15, 0, 0],
						"1.44": [-10, 0, 0]
					}
				},
				"frontleg_l": {
					"rotation": {
						"0.0": [0, 0, 0],
						"0.04": [-5, 0, -20],
						"0.08": [-7.5, 0, -30],
						"0.16": [-10, 0, -35],
						"0.6": [-10, 0, -35],
						"0.84": [-15, 0, -35],
						"1.04": [-30, 0, -35],
						"1.24": [-40, -10, -27.5],
						"1.44": [-65, -30, 0]
					}
				},
				"frontleg_r": {
					"rotation": {
						"0.0": [0, 0, 0],
						"0.04": [-5, 0, 20],
						"0.08": [-7.5, 0, 30],
						"0.16": [-10, 0, 35],
						"0.6": [-10, 0, 35],
						"0.84": [-15, 0, 35],
						"1.04": [-30, 0, 35],
						"1.24": [-40, 10, 27.5],
						"1.44": [-65, 30, 0]
					},
					"position": {
						"0.6": [0, 0, 0],
						"1.44": [0, -0.2, 0]
					}
				},
				"wingnub_l": {
					"rotation": {
						"0.0": [0, 0, 0],
						"0.04": [0, 0, -10],
						"0.08": [0, 0, -15],
						"0.12": [0, 0, -17.5],
						"0.2": [0, 0, -20],
						"0.84": {
							"pre": [0, 0, -20],
							"post": [0, 0, -20],
							"lerp_mode": "catmullrom"
						},
						"1.44": {
							"post": [0, 0, 40],
							"lerp_mode": "catmullrom"
						},
						"1.64": [0, 0, 40]
					}
				},
				"wingnub_r": {
					"rotation": {
						"0.0": [0, 0, 0],
						"0.04": [0, 0, 10],
						"0.08": [0, 0, 15],
						"0.12": [0, 0, 17.5],
						"0.2": [0, 0, 20],
						"0.84": {
							"pre": [0, 0, 20],
							"post": [0, 0, 20],
							"lerp_mode": "catmullrom"
						},
						"1.44": {
							"post": [0, 0, -40],
							"lerp_mode": "catmullrom"
						},
						"1.64": [0, 0, -40]
					}
				},
				"tail": {
					"rotation": {
						"0.0": [0, 0, 0],
						"0.04": [35, 0, 0],
						"0.08": [50, 0, 0],
						"0.12": [57.5, 0, 0],
						"0.16": [60, 0, 0],
						"0.84": {
							"pre": [50, 0, 0],
							"post": [50, 0, 0],
							"lerp_mode": "catmullrom"
						},
						"1.44": {
							"post": [-40, 0, 0],
							"lerp_mode": "catmullrom"
						},
						"1.64": [-55, 0, 0]
					}
				}
			},
			"sound_effects": {
				"0.0": {
					"effect": "pokemon.jackarrion.cry"
				}
			}
		},
		"animation.jackarrion.faint_old": {
			"loop": "hold_on_last_frame",
			"animation_length": 1.64,
			"bones": {
				"body": {
					"rotation": {
						"0.0": [0, 0, 0],
						"0.04": [-20, 0, 0],
						"0.08": [-30, 0, 0],
						"0.12": [-35, 0, 0],
						"0.16": [-37.5, 0, 0],
						"0.24": [-40, 0, 0],
						"0.6": [-37.5, 0, 0],
						"0.84": [-35, 0, 0],
						"1.04": [-30, 0, 0],
						"1.24": [-15, 0, 0],
						"1.44": [10, 0, 0]
					},
					"position": {
						"0.0": [0, 0, 0],
						"0.04": [0, -0.325, -1.125],
						"0.08": [0, -0.35, -1.7],
						"0.12": [0, -0.325, -1.975],
						"0.16": [0, -0.3, -2.125],
						"0.24": [0, -0.275, -2.275],
						"0.6": [0, -0.275, -2.15],
						"0.84": [0, -0.3, -2],
						"1.04": [0, -0.35, -1.7],
						"1.24": [0, -0.3, -0.8],
						"1.44": [0, -1.9, 0]
					}
				},
				"eyelid_l": {
					"position": {
						"1.08": [0, 0, 0],
						"1.12": [0.105, 0, 0]
					}
				},
				"eyelid_r": {
					"position": {
						"1.08": [0, 0, 0],
						"1.12": [-0.105, 0, 0]
					}
				},
				"leg_l": {
					"rotation": {
						"0.0": [0, 0, 0],
						"0.08": [-10, 0, -10],
						"0.16": [-15, 0, -15],
						"0.24": [-17.5, 0, -17.5]
					}
				},
				"leg_r": {
					"rotation": {
						"0.0": [0, 0, 0],
						"0.04": [20, 0, 0],
						"0.08": [30, 0, 0],
						"0.12": [35, 0, 0],
						"0.16": [37.5, 0, 0],
						"0.24": [40, 0, 0],
						"0.6": [37.5, 0, 0],
						"0.84": [35, 0, 0],
						"1.04": [30, 0, 0],
						"1.24": [15, 0, 0],
						"1.44": [-10, 0, 0]
					}
				}
			}
		},
		"animation.jackarrion.sniff": {
			"animation_length": 1.76,
			"bones": {
				"body": {
					"rotation": {
						"0.0": {
							"post": [0, 0, 0],
							"lerp_mode": "catmullrom"
						},
						"0.28": {
							"post": [-35, 0, 0],
							"lerp_mode": "catmullrom"
						},
						"1.36": {
							"post": [-35, 0, 0],
							"lerp_mode": "catmullrom"
						},
						"1.64": {
							"post": [0, 0, 0],
							"lerp_mode": "catmullrom"
						},
						"1.76": {
							"post": [0, 0, 0],
							"lerp_mode": "catmullrom"
						}
					}
				},
				"head": {
					"rotation": {
						"0.0": {
							"post": [0, 0, 0],
							"lerp_mode": "catmullrom"
						},
						"0.12": {
							"post": [25, 0, 0],
							"lerp_mode": "catmullrom"
						},
						"0.28": {
							"post": [7.5, -10, 0],
							"lerp_mode": "catmullrom"
						},
						"0.6": {
							"post": [7.5, -10, 0],
							"lerp_mode": "catmullrom"
						},
						"0.8": {
							"post": [20, 0, 0],
							"lerp_mode": "catmullrom"
						},
						"1.0": {
							"post": [7.5, 15, -2.5],
							"lerp_mode": "catmullrom"
						},
						"1.36": {
							"post": [7.5, 15, -2.5],
							"lerp_mode": "catmullrom"
						},
						"1.52": {
							"post": [12.5, 0, 0],
							"lerp_mode": "catmullrom"
						},
						"1.76": {
							"post": [0, 0, 0],
							"lerp_mode": "catmullrom"
						}
					}
				},
				"nose": {
					"scale": {
						"0.0": {
							"post": [1, 1, 1],
							"lerp_mode": "catmullrom"
						},
						"0.28": {
							"post": [1, 1, 1],
							"lerp_mode": "catmullrom"
						},
						"0.36": {
							"post": [1, 1.05, 1],
							"lerp_mode": "catmullrom"
						},
						"0.44": {
							"post": [1, 1, 1],
							"lerp_mode": "catmullrom"
						},
						"0.52": {
							"post": [1, 1.05, 1],
							"lerp_mode": "catmullrom"
						},
						"0.6": {
							"post": [1, 1, 1],
							"lerp_mode": "catmullrom"
						},
						"1.0": {
							"post": [1, 1, 1],
							"lerp_mode": "catmullrom"
						},
						"1.08": {
							"post": [1, 1.05, 1],
							"lerp_mode": "catmullrom"
						},
						"1.16": {
							"post": [1, 1, 1],
							"lerp_mode": "catmullrom"
						},
						"1.24": {
							"post": [1, 1.05, 1],
							"lerp_mode": "catmullrom"
						},
						"1.32": {
							"post": [1, 1, 1],
							"lerp_mode": "catmullrom"
						},
						"1.76": {
							"post": [1, 1, 1],
							"lerp_mode": "catmullrom"
						}
					}
				},
				"ear_l": {
					"rotation": {
						"0.0": {
							"post": [0, 0, 0],
							"lerp_mode": "catmullrom"
						},
						"0.12": {
							"post": [15, 0, 0],
							"lerp_mode": "catmullrom"
						},
						"0.28": {
							"post": [-5, 0, 0],
							"lerp_mode": "catmullrom"
						},
						"0.6": {
							"post": [0, 0, 0],
							"lerp_mode": "catmullrom"
						},
						"0.8": {
							"post": [15, 0, 0],
							"lerp_mode": "catmullrom"
						},
						"1.0": {
							"post": [5, 0, 0],
							"lerp_mode": "catmullrom"
						},
						"1.36": {
							"post": [0, 0, 0],
							"lerp_mode": "catmullrom"
						},
						"1.52": {
							"post": [5, 0, 0],
							"lerp_mode": "catmullrom"
						},
						"1.76": {
							"post": [0, 0, 0],
							"lerp_mode": "catmullrom"
						}
					}
				},
				"ear_r": {
					"rotation": {
						"0.0": {
							"post": [0, 0, 0],
							"lerp_mode": "catmullrom"
						},
						"0.12": {
							"post": [15, 0, 0],
							"lerp_mode": "catmullrom"
						},
						"0.28": {
							"post": [5, 0, 0],
							"lerp_mode": "catmullrom"
						},
						"0.6": {
							"post": [0, 0, 0],
							"lerp_mode": "catmullrom"
						},
						"0.8": {
							"post": [15, 0, 0],
							"lerp_mode": "catmullrom"
						},
						"1.0": {
							"post": [-5, 0, 0],
							"lerp_mode": "catmullrom"
						},
						"1.36": {
							"post": [0, 0, 0],
							"lerp_mode": "catmullrom"
						},
						"1.52": {
							"post": [5, 0, 0],
							"lerp_mode": "catmullrom"
						},
						"1.76": {
							"post": [0, 0, 0],
							"lerp_mode": "catmullrom"
						}
					}
				},
				"foot_l": {
					"rotation": {
						"0.0": {
							"post": [0, 0, 0],
							"lerp_mode": "catmullrom"
						},
						"0.28": {
							"post": [35, 0, 0],
							"lerp_mode": "catmullrom"
						},
						"1.36": {
							"post": [35, 0, 0],
							"lerp_mode": "catmullrom"
						},
						"1.64": {
							"post": [0, 0, 0],
							"lerp_mode": "catmullrom"
						},
						"1.76": {
							"post": [0, 0, 0],
							"lerp_mode": "catmullrom"
						}
					}
				},
				"foot_r": {
					"rotation": {
						"0.0": {
							"post": [0, 0, 0],
							"lerp_mode": "catmullrom"
						},
						"0.28": {
							"post": [35, 0, 0],
							"lerp_mode": "catmullrom"
						},
						"1.36": {
							"post": [35, 0, 0],
							"lerp_mode": "catmullrom"
						},
						"1.64": {
							"post": [0, 0, 0],
							"lerp_mode": "catmullrom"
						},
						"1.76": {
							"post": [0, 0, 0],
							"lerp_mode": "catmullrom"
						}
					}
				},
				"frontleg_l": {
					"rotation": {
						"0.0": {
							"post": [0, 0, 0],
							"lerp_mode": "catmullrom"
						},
						"0.28": {
							"post": [40, 0, -5],
							"lerp_mode": "catmullrom"
						},
						"1.16": {
							"post": [40, 0, -5],
							"lerp_mode": "catmullrom"
						},
						"1.76": {
							"post": [0, 0, 0],
							"lerp_mode": "catmullrom"
						}
					}
				},
				"frontleg_r": {
					"rotation": {
						"0.0": {
							"post": [0, 0, 0],
							"lerp_mode": "catmullrom"
						},
						"0.28": {
							"post": [40, 0, 5],
							"lerp_mode": "catmullrom"
						},
						"1.16": {
							"post": [40, 0, 5],
							"lerp_mode": "catmullrom"
						},
						"1.76": {
							"post": [0, 0, 0],
							"lerp_mode": "catmullrom"
						}
					}
				},
				"wingnub_l": {
					"rotation": {
						"0.0": {
							"post": [0, 0, 0],
							"lerp_mode": "catmullrom"
						},
						"0.28": {
							"post": [0, 0, 10],
							"lerp_mode": "catmullrom"
						},
						"1.16": {
							"post": [0, 0, 10],
							"lerp_mode": "catmullrom"
						},
						"1.76": {
							"post": [0, 0, 0],
							"lerp_mode": "catmullrom"
						}
					}
				},
				"wingnub_r": {
					"rotation": {
						"0.0": {
							"post": [0, 0, 0],
							"lerp_mode": "catmullrom"
						},
						"0.28": {
							"post": [0, 0, -10],
							"lerp_mode": "catmullrom"
						},
						"1.16": {
							"post": [0, 0, -10],
							"lerp_mode": "catmullrom"
						},
						"1.76": {
							"post": [0, 0, 0],
							"lerp_mode": "catmullrom"
						}
					}
				},
				"tail": {
					"rotation": {
						"0.0": {
							"post": [0, 0, 0],
							"lerp_mode": "catmullrom"
						},
						"0.28": {
							"post": [40, 0, 0],
							"lerp_mode": "catmullrom"
						},
						"1.36": {
							"post": [30, 0, 0],
							"lerp_mode": "catmullrom"
						},
						"1.76": {
							"post": [0, 0, 0],
							"lerp_mode": "catmullrom"
						}
					}
				}
			}
		},
		"animation.jackarrion.sniff_cry": {
			"animation_length": 1.76,
			"bones": {
				"body": {
					"rotation": {
						"0.0": {
							"post": [0, 0, 0],
							"lerp_mode": "catmullrom"
						},
						"0.28": {
							"post": [-35, 0, 0],
							"lerp_mode": "catmullrom"
						},
						"1.36": {
							"post": [-35, 0, 0],
							"lerp_mode": "catmullrom"
						},
						"1.64": {
							"post": [0, 0, 0],
							"lerp_mode": "catmullrom"
						},
						"1.76": {
							"post": [0, 0, 0],
							"lerp_mode": "catmullrom"
						}
					}
				},
				"head": {
					"rotation": {
						"0.0": {
							"post": [0, 0, 0],
							"lerp_mode": "catmullrom"
						},
						"0.12": {
							"post": [25, 0, 0],
							"lerp_mode": "catmullrom"
						},
						"0.28": {
							"post": [7.5, -10, 0],
							"lerp_mode": "catmullrom"
						},
						"0.6": {
							"post": [7.5, -10, 0],
							"lerp_mode": "catmullrom"
						},
						"0.8": {
							"post": [20, 0, 0],
							"lerp_mode": "catmullrom"
						},
						"1.0": {
							"post": [7.5, 15, -2.5],
							"lerp_mode": "catmullrom"
						},
						"1.36": {
							"post": [7.5, 15, -2.5],
							"lerp_mode": "catmullrom"
						},
						"1.52": {
							"post": [12.5, 0, 0],
							"lerp_mode": "catmullrom"
						},
						"1.76": {
							"post": [0, 0, 0],
							"lerp_mode": "catmullrom"
						}
					}
				},
				"nose": {
					"scale": {
						"0.0": {
							"post": [1, 1, 1],
							"lerp_mode": "catmullrom"
						},
						"0.28": {
							"post": [1, 1, 1],
							"lerp_mode": "catmullrom"
						},
						"0.36": {
							"post": [1, 1.05, 1],
							"lerp_mode": "catmullrom"
						},
						"0.44": {
							"post": [1, 1, 1],
							"lerp_mode": "catmullrom"
						},
						"0.52": {
							"post": [1, 1.05, 1],
							"lerp_mode": "catmullrom"
						},
						"0.6": {
							"post": [1, 1, 1],
							"lerp_mode": "catmullrom"
						},
						"1.0": {
							"post": [1, 1, 1],
							"lerp_mode": "catmullrom"
						},
						"1.08": {
							"post": [1, 1.05, 1],
							"lerp_mode": "catmullrom"
						},
						"1.16": {
							"post": [1, 1, 1],
							"lerp_mode": "catmullrom"
						},
						"1.24": {
							"post": [1, 1.05, 1],
							"lerp_mode": "catmullrom"
						},
						"1.32": {
							"post": [1, 1, 1],
							"lerp_mode": "catmullrom"
						},
						"1.76": {
							"post": [1, 1, 1],
							"lerp_mode": "catmullrom"
						}
					}
				},
				"ear_l": {
					"rotation": {
						"0.0": {
							"post": [0, 0, 0],
							"lerp_mode": "catmullrom"
						},
						"0.12": {
							"post": [15, 0, 0],
							"lerp_mode": "catmullrom"
						},
						"0.28": {
							"post": [-5, 0, 0],
							"lerp_mode": "catmullrom"
						},
						"0.6": {
							"post": [0, 0, 0],
							"lerp_mode": "catmullrom"
						},
						"0.8": {
							"post": [15, 0, 0],
							"lerp_mode": "catmullrom"
						},
						"1.0": {
							"post": [5, 0, 0],
							"lerp_mode": "catmullrom"
						},
						"1.36": {
							"post": [0, 0, 0],
							"lerp_mode": "catmullrom"
						},
						"1.52": {
							"post": [5, 0, 0],
							"lerp_mode": "catmullrom"
						},
						"1.76": {
							"post": [0, 0, 0],
							"lerp_mode": "catmullrom"
						}
					}
				},
				"ear_r": {
					"rotation": {
						"0.0": {
							"post": [0, 0, 0],
							"lerp_mode": "catmullrom"
						},
						"0.12": {
							"post": [15, 0, 0],
							"lerp_mode": "catmullrom"
						},
						"0.28": {
							"post": [5, 0, 0],
							"lerp_mode": "catmullrom"
						},
						"0.6": {
							"post": [0, 0, 0],
							"lerp_mode": "catmullrom"
						},
						"0.8": {
							"post": [15, 0, 0],
							"lerp_mode": "catmullrom"
						},
						"1.0": {
							"post": [-5, 0, 0],
							"lerp_mode": "catmullrom"
						},
						"1.36": {
							"post": [0, 0, 0],
							"lerp_mode": "catmullrom"
						},
						"1.52": {
							"post": [5, 0, 0],
							"lerp_mode": "catmullrom"
						},
						"1.76": {
							"post": [0, 0, 0],
							"lerp_mode": "catmullrom"
						}
					}
				},
				"foot_l": {
					"rotation": {
						"0.0": {
							"post": [0, 0, 0],
							"lerp_mode": "catmullrom"
						},
						"0.28": {
							"post": [35, 0, 0],
							"lerp_mode": "catmullrom"
						},
						"1.36": {
							"post": [35, 0, 0],
							"lerp_mode": "catmullrom"
						},
						"1.64": {
							"post": [0, 0, 0],
							"lerp_mode": "catmullrom"
						},
						"1.76": {
							"post": [0, 0, 0],
							"lerp_mode": "catmullrom"
						}
					}
				},
				"foot_r": {
					"rotation": {
						"0.0": {
							"post": [0, 0, 0],
							"lerp_mode": "catmullrom"
						},
						"0.28": {
							"post": [35, 0, 0],
							"lerp_mode": "catmullrom"
						},
						"1.36": {
							"post": [35, 0, 0],
							"lerp_mode": "catmullrom"
						},
						"1.64": {
							"post": [0, 0, 0],
							"lerp_mode": "catmullrom"
						},
						"1.76": {
							"post": [0, 0, 0],
							"lerp_mode": "catmullrom"
						}
					}
				},
				"frontleg_l": {
					"rotation": {
						"0.0": {
							"post": [0, 0, 0],
							"lerp_mode": "catmullrom"
						},
						"0.28": {
							"post": [40, 0, -5],
							"lerp_mode": "catmullrom"
						},
						"1.16": {
							"post": [40, 0, -5],
							"lerp_mode": "catmullrom"
						},
						"1.76": {
							"post": [0, 0, 0],
							"lerp_mode": "catmullrom"
						}
					}
				},
				"frontleg_r": {
					"rotation": {
						"0.0": {
							"post": [0, 0, 0],
							"lerp_mode": "catmullrom"
						},
						"0.28": {
							"post": [40, 0, 5],
							"lerp_mode": "catmullrom"
						},
						"1.16": {
							"post": [40, 0, 5],
							"lerp_mode": "catmullrom"
						},
						"1.76": {
							"post": [0, 0, 0],
							"lerp_mode": "catmullrom"
						}
					}
				},
				"wingnub_l": {
					"rotation": {
						"0.0": {
							"post": [0, 0, 0],
							"lerp_mode": "catmullrom"
						},
						"0.28": {
							"post": [0, 0, 10],
							"lerp_mode": "catmullrom"
						},
						"1.16": {
							"post": [0, 0, 10],
							"lerp_mode": "catmullrom"
						},
						"1.76": {
							"post": [0, 0, 0],
							"lerp_mode": "catmullrom"
						}
					}
				},
				"wingnub_r": {
					"rotation": {
						"0.0": {
							"post": [0, 0, 0],
							"lerp_mode": "catmullrom"
						},
						"0.28": {
							"post": [0, 0, -10],
							"lerp_mode": "catmullrom"
						},
						"1.16": {
							"post": [0, 0, -10],
							"lerp_mode": "catmullrom"
						},
						"1.76": {
							"post": [0, 0, 0],
							"lerp_mode": "catmullrom"
						}
					}
				},
				"tail": {
					"rotation": {
						"0.0": {
							"post": [0, 0, 0],
							"lerp_mode": "catmullrom"
						},
						"0.28": {
							"post": [40, 0, 0],
							"lerp_mode": "catmullrom"
						},
						"1.36": {
							"post": [30, 0, 0],
							"lerp_mode": "catmullrom"
						},
						"1.76": {
							"post": [0, 0, 0],
							"lerp_mode": "catmullrom"
						}
					}
				}
			},
			"sound_effects": {
				"0.0": {
					"effect": "pokemon.jackarrion.cry"
				}
			}
		},
		"animation.jackarrion.blink": {
			"animation_length": 0.16,
			"bones": {
				"eyelid_l": {
					"position": {
						"0.0": [0.105, 0, 0],
						"0.12": [0.105, 0, 0],
						"0.16": [0, 0, 0]
					}
				},
				"eyelid_r": {
					"position": {
						"0.0": [-0.105, 0, 0],
						"0.12": [-0.105, 0, 0],
						"0.16": [0, 0, 0]
					}
				}
			}
		},
		"animation.jackarrion.ear_twitch_1": {
			"animation_length": 0.16,
			"bones": {
				"ear_l": {
					"rotation": {
						"0.0": {
							"post": [0, 0, 0],
							"lerp_mode": "catmullrom"
						},
						"0.04": {
							"post": [-7.5, 0, 0],
							"lerp_mode": "catmullrom"
						},
						"0.08": {
							"post": [10, 0, 0],
							"lerp_mode": "catmullrom"
						},
						"0.12": {
							"post": [0, 0, 0],
							"lerp_mode": "catmullrom"
						},
						"0.16": [0, 0, 0]
					}
				},
				"ear_r": {
					"rotation": {
						"0.0": {
							"post": [0, 0, 0],
							"lerp_mode": "catmullrom"
						},
						"0.04": {
							"post": [7.5, 0, 0],
							"lerp_mode": "catmullrom"
						},
						"0.08": {
							"post": [-10, 0, 0],
							"lerp_mode": "catmullrom"
						},
						"0.12": {
							"post": [0, 0, 0],
							"lerp_mode": "catmullrom"
						},
						"0.16": [0, 0, 0]
					}
				}
			},
			"sound_effects": {
				"0.0": {
					"effect": "pokemon.bunigill.ear_twitch"
				}
			}
		},
		"animation.jackarrion.ear_twitch_2": {
			"animation_length": 0.2,
			"bones": {
				"ear_l": {
					"rotation": {
						"0.0": {
							"post": [0, 0, 0],
							"lerp_mode": "catmullrom"
						},
						"0.04": {
							"post": [10, 0, 2.5],
							"lerp_mode": "catmullrom"
						},
						"0.08": {
							"post": [0, 0, -5],
							"lerp_mode": "catmullrom"
						},
						"0.12": {
							"post": [10, 0, 2.5],
							"lerp_mode": "catmullrom"
						},
						"0.16": {
							"post": [0, 0, -5],
							"lerp_mode": "catmullrom"
						},
						"0.2": [0, 0, 0]
					}
				}
			},
			"sound_effects": {
				"0.0": {
					"effect": "pokemon.bunigill.ear_twitch"
				}
			}
		},
		"animation.jackarrion.ear_twitch_3": {
			"animation_length": 0.2,
			"bones": {
				"ear_r": {
					"rotation": {
						"0.0": {
							"post": [0, 0, 0],
							"lerp_mode": "catmullrom"
						},
						"0.04": {
							"post": [10, 0, -2.5],
							"lerp_mode": "catmullrom"
						},
						"0.08": {
							"post": [0, 0, 5],
							"lerp_mode": "catmullrom"
						},
						"0.12": {
							"post": [10, 0, -2.5],
							"lerp_mode": "catmullrom"
						},
						"0.16": {
							"post": [0, 0, 5],
							"lerp_mode": "catmullrom"
						},
						"0.2": [0, 0, 0]
					}
				}
			},
			"sound_effects": {
				"0.0": {
					"effect": "pokemon.bunigill.ear_twitch"
				}
			}
		},
		"animation.jackarrion.cry": {
			"loop": true,
			"sound_effects": {
				"0.0": {
					"effect": "pokemon.jackarrion.cry"
				}
			}
		}
	}
}