{
    "pokemon.bunigill.cry": {
        "sounds": [
			"cobblemon:pokemon/bunigill/bunigill_cry_1",
			"cobblemon:pokemon/bunigill/bunigill_cry_2",
			"cobblemon:pokemon/bunigill/bunigill_cry_3"
		]
    },
    "pokemon.bunigill.faint": {
        "sounds": ["cobblemon:pokemon/bunigill/bunigill_faint"]
    },
	"pokemon.bunigill.ear_twitch": {
        "sounds": ["cobblemon:pokemon/bunigill/bunigill_ear_twitch"]
    },
	"pokemon.jackarrion.cry": {
        "sounds": [
			"cobblemon:pokemon/jackarrion/jackarrion_cry_1",
			"cobblemon:pokemon/jackarrion/jackarrion_cry_2",
			"cobblemon:pokemon/jackarrion/jackarrion_cry_3"
		]
    },
    "pokemon.jackarrion.faint": {
        "sounds": ["cobblemon:pokemon/jackarrion/jackarrion_faint"]
    }
}