{
	"format_version": "1.12.0",
	"minecraft:geometry": [
		{
			"description": {
				"identifier": "geometry.bunigill",
				"texture_width": 32,
				"texture_height": 32,
				"visible_bounds_width": 2,
				"visible_bounds_height": 2.5,
				"visible_bounds_offset": [0, 0.75, 0]
			},
			"bones": [
				{
					"name": "root",
					"pivot": [0, 0, 0]
				},
				{
					"name": "body",
					"parent": "root",
					"pivot": [0, 0, 0],
					"cubes": [
						{"origin": [-2, -0.1, -1.5], "size": [4, 5, 3], "inflate": -0.02, "pivot": [0, 0, -1], "rotation": [5, 0, 0], "uv": [0, 8]},
						{"origin": [-2, -0.9, 1], "size": [4, 5, 2], "inflate": -0.04, "pivot": [0, 0, -1], "rotation": [24, 0, 0], "uv": [14, 9]}
					]
				},
				{
					"name": "slop",
					"parent": "body",
					"pivot": [0, 0, 0],
					"cubes": [
						{"origin": [-2, 0, 0], "size": [4, 1, 4], "uv": [12, 4]}
					]
				},
				{
					"name": "tail",
					"parent": "body",
					"pivot": [0, 1.5, 2],
					"cubes": [
						{"origin": [-1, 1.5, 1.5], "size": [2, 2, 2], "pivot": [0, 1.5, 2], "rotation": [-35, 0, 0], "uv": [12, 16]}
					]
				},
				{
					"name": "arm_l",
					"parent": "body",
					"pivot": [2, 3.5, -1.5],
					"rotation": [-25, 0, 0],
					"cubes": [
						{"origin": [1.5, 2, -2], "size": [1, 2, 1], "uv": [8, 17]}
					]
				},
				{
					"name": "arm_r",
					"parent": "body",
					"pivot": [-2, 3.5, -1.5],
					"rotation": [-25, 0, 0],
					"cubes": [
						{"origin": [-2.5, 2, -2], "size": [1, 2, 1], "uv": [0, 0]}
					]
				},
				{
					"name": "head",
					"parent": "body",
					"pivot": [0, 5.3, -0.5],
					"cubes": [
						{"origin": [-2, 4.8, -3], "size": [4, 4, 4], "uv": [0, 0]}
					]
				},
				{
					"name": "eyelid_l",
					"parent": "head",
					"pivot": [0, 0, -1],
					"cubes": [
						{"origin": [1.99, 5.8, -2], "size": [0, 2, 2], "uv": [11, 7]}
					]
				},
				{
					"name": "eyelid_r",
					"parent": "head",
					"pivot": [0, 0, -1],
					"cubes": [
						{"origin": [-1.99, 5.8, -2], "size": [0, 2, 2], "uv": [11, 7]}
					]
				},
				{
					"name": "nose",
					"parent": "head",
					"pivot": [0, 4.8, -3],
					"cubes": [
						{"origin": [-2, 4.8, -4], "size": [4, 2, 1], "uv": [12, 0]}
					]
				},
				{
					"name": "ear_l",
					"parent": "head",
					"pivot": [1.5, 8.8, 0],
					"rotation": [-20, -20, 22.5],
					"cubes": [
						{"origin": [0.5, 7.8, 0], "size": [2, 5, 0], "uv": [4, 17]}
					]
				},
				{
					"name": "ear_r",
					"parent": "head",
					"pivot": [-1.5, 8.8, 0],
					"rotation": [-20, 20, -22.5],
					"cubes": [
						{"origin": [-2.5, 7.8, 0], "size": [2, 5, 0], "uv": [0, 17]}
					]
				}
			]
		}
	]
}