{
	"format_version": "1.12.0",
	"minecraft:geometry": [
		{
			"description": {
				"identifier": "geometry.error",
				"texture_width": 64,
				"texture_height": 64,
				"visible_bounds_width": 2,
				"visible_bounds_height": 2.5,
				"visible_bounds_offset": [0, 0.75, 0]
			},
			"bones": [
				{
					"name": "root",
					"pivot": [0, 0, 0],
					"cubes": [
						{"origin": [-3.5, 1.3, -4], "size": [7, 6, 8], "uv": [0, 0]}
					]
				},
				{
					"name": "body_outline",
					"parent": "root",
					"pivot": [-0.5, 1.3, 0],
					"cubes": [
						{"origin": [-4, 0.8, 2.5], "size": [8, 0, 9], "pivot": [3, 0.8, 3.5], "rotation": [180, 0, 0], "uv": [0, 14]},
						{"origin": [-4, 7.8, -4.5], "size": [8, 0, 9], "uv": [0, 14]},
						{"origin": [-2, 1.8, -4.5], "size": [7, 0, 9], "pivot": [4, 1.8, -3.5], "rotation": [0, 0, 90], "uv": [16, 14]},
						{"origin": [-10, 6.8, -4.5], "size": [7, 0, 9], "pivot": [-4, 6.8, -3.5], "rotation": [0, 0, -90], "uv": [1, 14]},
						{"origin": [-4, 6.8, 3.5], "size": [8, 0, 7], "pivot": [3, 6.8, 4.5], "rotation": [-90, 0, 0], "uv": [15, 0]},
						{"origin": [-4, 1.8, -5.5], "size": [8, 0, 7], "pivot": [3, 1.8, -4.5], "rotation": [90, 0, 0], "uv": [15, 0]}
					]
				},
				{
					"name": "leg_B_R",
					"parent": "root",
					"pivot": [-3.5, 2.5, 2.7],
					"rotation": [-10, 0, 0],
					"cubes": [
						{"origin": [-4.5, -0.5, 1.7], "size": [2, 4, 2], "uv": [24, 23]}
					]
				},
				{
					"name": "leg_B_L_outline2",
					"parent": "leg_B_R",
					"pivot": [-3.5, -0.5, 2.8],
					"cubes": [
						{"origin": [-5, 4, 1.3], "size": [3, 0, 3], "uv": [26, 20]},
						{"origin": [-5, -1, 2.3], "size": [3, 0, 3], "pivot": [-3, -1, 3.3], "rotation": [180, 0, 0], "uv": [26, 20]},
						{"origin": [-5, 3, 3.3], "size": [3, 0, 5], "pivot": [-3, 3, 4.3], "rotation": [-90, 0, 0], "uv": [24, 18]},
						{"origin": [-5, 0, 0.3], "size": [3, 0, 5], "pivot": [-3, 0, 1.3], "rotation": [90, 0, 0], "uv": [24, 18]},
						{"origin": [-6, 0, 1.3], "size": [5, 0, 3], "pivot": [-2, 0, 2.3], "rotation": [0, 0, 90], "uv": [24, 20]},
						{"origin": [-9, 3, 1.3], "size": [5, 0, 3], "pivot": [-5, 3, 2.3], "rotation": [0, 0, -90], "uv": [24, 20]}
					]
				},
				{
					"name": "leg_B_L",
					"parent": "root",
					"pivot": [3.5, 2.5, 2.7],
					"rotation": [-10, 0, 0],
					"cubes": [
						{"origin": [2.5, -0.5, 1.7], "size": [2, 4, 2], "uv": [0, 21]}
					]
				},
				{
					"name": "leg_B_L_outline",
					"parent": "leg_B_L",
					"pivot": [3.5, -0.5, 2.8],
					"cubes": [
						{"origin": [2, 4, 1.3], "size": [3, 0, 3], "uv": [26, 20]},
						{"origin": [2, -1, 2.3], "size": [3, 0, 3], "pivot": [4, -1, 3.3], "rotation": [180, 0, 0], "uv": [26, 20]},
						{"origin": [2, 3, 3.3], "size": [3, 0, 5], "pivot": [4, 3, 4.3], "rotation": [-90, 0, 0], "uv": [24, 18]},
						{"origin": [2, 0, 0.3], "size": [3, 0, 5], "pivot": [4, 0, 1.3], "rotation": [90, 0, 0], "uv": [24, 18]},
						{"origin": [1, 0, 1.3], "size": [5, 0, 3], "pivot": [5, 0, 2.3], "rotation": [0, 0, 90], "uv": [24, 20]},
						{"origin": [-2, 3, 1.3], "size": [5, 0, 3], "pivot": [2, 3, 2.3], "rotation": [0, 0, -90], "uv": [24, 20]}
					]
				},
				{
					"name": "leg_F_R",
					"parent": "root",
					"pivot": [-3.5, 1.5, -1.2],
					"rotation": [-40, 0, 0],
					"cubes": [
						{"origin": [-4.5, -1, -2.2], "size": [2, 4, 2], "uv": [16, 23]}
					]
				},
				{
					"name": "leg_F_R_outline",
					"parent": "leg_F_R",
					"pivot": [-3.5, -1, -1.2],
					"cubes": [
						{"origin": [-5, 3.5, -2.7], "size": [3, 0, 3], "uv": [26, 20]},
						{"origin": [-5, -1.5, -1.7], "size": [3, 0, 3], "pivot": [-3, -1.5, -0.7], "rotation": [180, 0, 0], "uv": [26, 20]},
						{"origin": [-5, 2.5, -0.7], "size": [3, 0, 5], "pivot": [-3, 2.5, 0.3], "rotation": [-90, 0, 0], "uv": [24, 18]},
						{"origin": [-5, -0.5, -3.7], "size": [3, 0, 5], "pivot": [-3, -0.5, -2.7], "rotation": [90, 0, 0], "uv": [24, 18]},
						{"origin": [-6, -0.5, -2.7], "size": [5, 0, 3], "pivot": [-2, -0.5, -1.7], "rotation": [0, 0, 90], "uv": [24, 20]},
						{"origin": [-9, 2.5, -2.7], "size": [5, 0, 3], "pivot": [-5, 2.5, -1.7], "rotation": [0, 0, -90], "uv": [24, 20]}
					]
				},
				{
					"name": "leg_F_L",
					"parent": "root",
					"pivot": [3.5, 1.5, -1.2],
					"rotation": [-40, 0, 0],
					"cubes": [
						{"origin": [2.5, -1, -2.2], "size": [2, 4, 2], "uv": [8, 23]}
					]
				},
				{
					"name": "leg_F_L_outline",
					"parent": "leg_F_L",
					"pivot": [3.5, -1, -1.2],
					"cubes": [
						{"origin": [2, 3.5, -2.7], "size": [3, 0, 3], "uv": [26, 20]},
						{"origin": [2, -1.5, -1.7], "size": [3, 0, 3], "pivot": [4, -1.5, -0.7], "rotation": [180, 0, 0], "uv": [26, 20]},
						{"origin": [2, 2.5, -0.7], "size": [3, 0, 5], "pivot": [4, 2.5, 0.3], "rotation": [-90, 0, 0], "uv": [24, 18]},
						{"origin": [2, -0.5, -3.7], "size": [3, 0, 5], "pivot": [4, -0.5, -2.7], "rotation": [90, 0, 0], "uv": [24, 18]},
						{"origin": [1, -0.5, -2.7], "size": [5, 0, 3], "pivot": [5, -0.5, -1.7], "rotation": [0, 0, 90], "uv": [24, 20]},
						{"origin": [-2, 2.5, -2.7], "size": [5, 0, 3], "pivot": [2, 2.5, -1.7], "rotation": [0, 0, -90], "uv": [24, 20]}
					]
				},
				{
					"name": "fin",
					"parent": "root",
					"pivot": [0, 7.3, -2],
					"rotation": [-40, 0, 0],
					"cubes": [
						{"origin": [0, 6.3, -3], "size": [0, 7, 4], "uv": [0, 10]}
					]
				},
				{
					"name": "fin_outline",
					"parent": "fin",
					"pivot": [0, 7.5, -2],
					"cubes": [
						{"origin": [-0.5, 6, -3.5], "size": [1, 8, 0], "uv": [31, 15]},
						{"origin": [-4.5, 6, -0.5], "size": [5, 8, 0], "pivot": [-0.5, 6, 0.5], "rotation": [0, -90, 0], "uv": [27, 15]},
						{"origin": [-3.5, 6, -3.5], "size": [5, 8, 0], "pivot": [0.5, 6, -2.5], "rotation": [0, 90, 0], "uv": [27, 15]},
						{"origin": [0.5, 6, -0.5], "size": [1, 8, 0], "pivot": [0.5, 6, 0.5], "rotation": [0, 180, 0], "uv": [31, 15]},
						{"origin": [-0.5, 13, -4.5], "size": [1, 5, 0], "pivot": [-0.5, 13, -3.5], "rotation": [-90, 0, 0], "uv": [31, 15]}
					]
				},
				{
					"name": "ditherstuff",
					"parent": "root",
					"pivot": [3.6, 4, -2],
					"cubes": [
						{"origin": [3.6, 1.9, -4.3], "size": [0, 4, 4], "uv": [0, 0]}
					]
				}
			]
		}
	]
}