{
	"format_version": "1.12.0",
	"minecraft:geometry": [
		{
			"description": {
				"identifier": "geometry.jackarrion",
				"texture_width": 64,
				"texture_height": 64,
				"visible_bounds_width": 2,
				"visible_bounds_height": 2.5,
				"visible_bounds_offset": [0, 0.75, 0]
			},
			"bones": [
				{
					"name": "root",
					"pivot": [0, 0, 0]
				},
				{
					"name": "body",
					"parent": "root",
					"pivot": [0, 1, 4],
					"cubes": [
						{"origin": [-3, 2, -1], "size": [6, 5, 5], "pivot": [0, 4.5, 2], "rotation": [-10, 0, 0], "uv": [0, 0]},
						{"origin": [-2.5, 3.3, -3], "size": [5, 5, 3], "inflate": -0.002, "pivot": [1.5, 4.3, -2], "rotation": [-25, 0, 0], "uv": [17, 17]}
					]
				},
				{
					"name": "head",
					"parent": "body",
					"pivot": [0, 6.5, -2],
					"cubes": [
						{"origin": [-2.5, 5.1, -6.4], "size": [5, 5, 5], "uv": [0, 10]}
					]
				},
				{
					"name": "nose",
					"parent": "head",
					"pivot": [0, 5.1, -6.4],
					"rotation": [35, 0, 0],
					"cubes": [
						{"origin": [-2.5, 5.1, -6.4], "size": [5, 2, 2], "inflate": -0.002, "uv": [19, 25]}
					]
				},
				{
					"name": "ear_l",
					"parent": "head",
					"pivot": [2, 10.1, -2.4],
					"rotation": [-30, -25, 22.5],
					"cubes": [
						{"origin": [0.5, 9.1, -1.9], "size": [3, 6, 0], "uv": [33, 21]}
					]
				},
				{
					"name": "ear_r",
					"parent": "head",
					"pivot": [-2, 10.1, -2.4],
					"rotation": [-30, 25, -22.5],
					"cubes": [
						{"origin": [-3.5, 9.1, -1.9], "size": [3, 6, 0], "uv": [33, 15]}
					]
				},
				{
					"name": "antler_l",
					"parent": "head",
					"pivot": [2.5, 10.1, -3.9],
					"rotation": [-10, 0, 47.5],
					"cubes": [
						{"origin": [2, 9.1, -3.4], "size": [1, 5, 1], "uv": [4, 34]},
						{"origin": [0.5, 11.1, -3.4], "size": [2, 1, 1], "inflate": -0.002, "pivot": [2, 11.6, -2.9], "rotation": [0, 0, 12.5], "uv": [8, 20]},
						{"origin": [2, 13.3, -7.5], "size": [1, 1, 5], "inflate": -0.002, "pivot": [2.5, 13.8, -3], "rotation": [-15, 0, 0], "uv": [7, 23]}
					]
				},
				{
					"name": "antler_r",
					"parent": "head",
					"pivot": [-2.5, 10.1, -3.9],
					"rotation": [-10, 0, -47.5],
					"cubes": [
						{"origin": [-3, 9.1, -3.4], "size": [1, 5, 1], "uv": [0, 34]},
						{"origin": [-2.5, 11.1, -3.4], "size": [1, 1, 1], "inflate": -0.002, "pivot": [-2, 11.6, -2.9], "rotation": [0, 0, -12.5], "uv": [0, 3]},
						{"origin": [-3, 13.3, -3.5], "size": [1, 1, 4], "inflate": -0.002, "pivot": [-2.5, 13.8, -3], "rotation": [15, 180, 0], "uv": [29, 0]}
					]
				},
				{
					"name": "tusk_l",
					"parent": "head",
					"pivot": [2.5, 6.1, -3.4],
					"rotation": [20, -17.5, 0],
					"cubes": [
						{"origin": [2, 5.6, -6.9], "size": [1, 1, 4], "uv": [17, 0]}
					]
				},
				{
					"name": "tusk_r",
					"parent": "head",
					"pivot": [-2.5, 6.1, -3.4],
					"rotation": [20, 17.5, 0],
					"cubes": [
						{"origin": [-3, 5.6, -7.9], "size": [1, 1, 5], "uv": [22, 0]}
					]
				},
				{
					"name": "eyelid_l",
					"parent": "head",
					"pivot": [2.4, 8.1, -4.4],
					"cubes": [
						{"origin": [2.4, 7.1, -5.4], "size": [0, 2, 2], "uv": [26, 4]}
					]
				},
				{
					"name": "eyelid_r",
					"parent": "head",
					"pivot": [-2.6, 8.1, -4.4],
					"cubes": [
						{"origin": [-2.4, 7.1, -5.4], "size": [0, 2, 2], "uv": [26, 4]}
					]
				},
				{
					"name": "leg_l",
					"parent": "body",
					"pivot": [2, 4, 2.5],
					"cubes": [
						{"origin": [2, 1.3, 1], "size": [2, 4, 4], "pivot": [2.5, 3.3, 3], "rotation": [-20, 0, 0], "uv": [0, 20]}
					]
				},
				{
					"name": "foot_l",
					"parent": "leg_l",
					"pivot": [3, 1, 4],
					"cubes": [
						{"origin": [2.002, 0, 0.2], "size": [2, 1, 4], "uv": [0, 29]}
					]
				},
				{
					"name": "leg_r",
					"parent": "body",
					"pivot": [-2, 4, 2.5],
					"cubes": [
						{"origin": [-4, 1.3, 1], "size": [2, 4, 4], "pivot": [-3.5, 3.3, 3], "rotation": [-20, 0, 0], "uv": [18, 6]}
					]
				},
				{
					"name": "foot_r",
					"parent": "leg_r",
					"pivot": [-3, 1, 4],
					"cubes": [
						{"origin": [-4.002, 0, 0.2], "size": [2, 1, 4], "uv": [26, 10]}
					]
				},
				{
					"name": "frontleg_l",
					"parent": "body",
					"pivot": [2.5, 4.5, -1.5],
					"rotation": [-22.5, 0, 0],
					"cubes": [
						{"origin": [1.5, -0.5, -2.5], "size": [2, 6, 2], "uv": [20, 29]}
					]
				},
				{
					"name": "frontleg_r",
					"parent": "body",
					"pivot": [-2.5, 4.5, -1.5],
					"rotation": [-22.5, 0, 0],
					"cubes": [
						{"origin": [-3.5, -0.5, -2.5], "size": [2, 6, 2], "uv": [12, 29]}
					]
				},
				{
					"name": "wingnub_l",
					"parent": "body",
					"pivot": [2, 7, 1],
					"rotation": [-25, 0, 20],
					"cubes": [
						{"origin": [1.5, 7, 0.5], "size": [1, 2, 1], "uv": [0, 10]}
					]
				},
				{
					"name": "wingnub_r",
					"parent": "body",
					"pivot": [-2, 7, 1],
					"rotation": [-25, 0, -20],
					"cubes": [
						{"origin": [-2.5, 7, 0.5], "size": [1, 2, 1], "uv": [0, 0]}
					]
				},
				{
					"name": "tail",
					"parent": "body",
					"pivot": [0, 6, 3.5],
					"rotation": [-65, 0, 0],
					"cubes": [
						{"origin": [-1, 6, 2.5], "size": [2, 3, 2], "uv": [28, 29]}
					]
				}
			]
		}
	]
}