{
	"format_version": "1.8.0",
	"animations": {
		"animation.gnorp.ground_walk": {
			"loop": true,
			"animation_length": 0.8,
			"bones": {
				"leg_L": {
					"rotation": {
						"0.0": {
							"post": [0, 0, 0],
							"lerp_mode": "catmullrom"
						},
						"0.2": {
							"post": [-30, 0, 0],
							"lerp_mode": "catmullrom"
						},
						"0.4": {
							"post": [0, 0, 0],
							"lerp_mode": "catmullrom"
						},
						"0.6": {
							"post": [30, 0, 0],
							"lerp_mode": "catmullrom"
						},
						"0.8": {
							"post": [0, 0, 0],
							"lerp_mode": "catmullrom"
						}
					},
					"position": {
						"0.0": {
							"post": [0, 0, 0],
							"lerp_mode": "catmullrom"
						},
						"0.2": {
							"post": [0, 0.5, -1],
							"lerp_mode": "catmullrom"
						},
						"0.4": {
							"post": [0, 0, 0],
							"lerp_mode": "catmullrom"
						},
						"0.6": {
							"post": [0, 0, 1],
							"lerp_mode": "catmullrom"
						},
						"0.8": {
							"post": [0, 0, 0],
							"lerp_mode": "catmullrom"
						}
					}
				},
				"leg_R": {
					"rotation": {
						"0.0": {
							"post": [0, 0, 0],
							"lerp_mode": "catmullrom"
						},
						"0.2": {
							"post": [30, 0, 0],
							"lerp_mode": "catmullrom"
						},
						"0.4": {
							"post": [0, 0, 0],
							"lerp_mode": "catmullrom"
						},
						"0.6": {
							"post": [-30, 0, 0],
							"lerp_mode": "catmullrom"
						},
						"0.8": {
							"post": [0, 0, 0],
							"lerp_mode": "catmullrom"
						}
					},
					"position": {
						"0.0": {
							"post": [0, 0, 0],
							"lerp_mode": "catmullrom"
						},
						"0.2": {
							"post": [0, 0, 1],
							"lerp_mode": "catmullrom"
						},
						"0.4": {
							"post": [0, 0, 0],
							"lerp_mode": "catmullrom"
						},
						"0.6": {
							"post": [0, 0.5, -1],
							"lerp_mode": "catmullrom"
						},
						"0.8": {
							"post": [0, 0, 0],
							"lerp_mode": "catmullrom"
						}
					}
				}
			}
		},
		"animation.gnorp.faint": {
			"loop": "hold_on_last_frame",
			"animation_length": 4,
			"bones": {
				"body": {
					"rotation": {
						"0.0": [0, 0, 0],
						"1.0": [0, 0, 0],
						"1.08": [2.5, 0, 0],
						"1.16": [7.5, 0, 0],
						"1.24": [17.5, 0, 0],
						"1.32": [35, 0, 0],
						"1.4": [60, 0, 0],
						"1.44": [90, 0, 0]
					}
				}
			},
			"sound_effects": {
				"1.4": {
					"effect": "pokemon.gnorp.bonk"
				}
			}
		},
		"animation.gnorp.cry": {
			"animation_length": 0.48,
			"bones": {
				"body": {
					"rotation": {
						"0.0": [0, 2.5, 0],
						"0.04": [0, 7.5, 0],
						"0.08": [0, 17.5, 0],
						"0.12": [0, 40, 0],
						"0.16": [0, 90, 0],
						"0.2": [0, 180, 0],
						"0.24": [0, 270, 0],
						"0.28": [0, 270, 0],
						"0.32": [0, 320, 0],
						"0.36": [0, 342.5, 0],
						"0.4": [0, 352.5, 0],
						"0.44": [0, 357.5, 0],
						"0.48": [0, 360, 0]
					}
				}
			},
			"sound_effects": {
				"0.0": {
					"effect": "entity.item.pickup"
				}
			}
		}
	}
}