{
	"implemented": true,
	"nationalPokedexNumber": 2601,
	"name": "bunigill",
	"labels": [ "custom" ],
	"pokedex": [
		"cobblemon.species.bunigill.desc1",
		"cobblemon.species.bunigill.desc2"
	],
	"height": 3,
	"weight": 10,
	"shoulderMountable": true,
	"shoulderEffects": [ "water_breathing" ],
	"primaryType": "water",
	"baseStats": {
		"hp": 50,
		"attack": 45,
		"defence": 55,
		"special_attack": 65,
		"special_defence": 55,
		"speed": 40
	},
	"catchRate": 45,
	"maleRatio": 0.375,
	"baseExperienceYield": 62,
	"experienceGroup": "medium_slow",
	"eggCycles": 20, 
	"eggGroups": [ 
		"water_1",
		"water_3"
	],
	"baseFriendship": 50,
	"evYield": {
		"special_attack": 1
	},
	"moves": [
		"1:tackle",
		"1:tailwhip",
		"7:watergun",
		"11:endure",
		"19:calmmind",
		"21:waterpulse",
		"23:swift",
		"28:sludge",
		"32:scald",
		"38:venoshock",
		"41:airslash",
		"45:hydropump",
		"50:sludgebomb",
		"52:recover",
		"58:nastyplot",
		"65:hyperbeam",
		"71:hurricane",
		"tm:surf",
		"tm:raindance",
		"tm:icywind",
		"tm:icebeam",
		"tm:workup",
		"tm:toxic",
		"tm:scald",
		"tm:protect",
		"tm:sludgewave",
		"egg:quiverdance",
		"egg:thunderbolt"
	],
	"abilities": [
		"torrent",
		"h:poisonheal"
	],
	
	"baseScale": 1.0,
	"hitbox": {
		"width": 0.325,
		"height": 0.6,
		"fixed": false
	},
	"drops": {
		"amount": "1",
		"entries": [
			{
				"item": "minecraft:slimeball",
				"quantityRange": "1-2",
				"percentage": 50
			}
		]
	},
	"behaviour": {
		"resting": {
			"canSleep": true,
			"depth": "normal",
			"light": "0-4",
			"willSleepOnBed": false,
			"times": "night"
		},
		"moving": {
			"canLook": true,
			"fly": {
				"canFly": false
			},
			"swim": {
				"swimSpeed": 0.15,
				"canSwimInWater": true,
				"canBreatheUnderwater": true
			}
		}
	},
	"evolutions": [
		{
			"id": "bunigill_jackarrion",
			"variant": "level_up",
			"result": "jackarrion",
			"learnableMoves": [ "acid" ],
			"requirements": [
				{
					"variant": "level",
					"minLevel": 18
				}
			]
		}
	]
}