{
	"implemented": true,
	"nationalPokedexNumber": 2603,
	"name": "drabbigil",
	"labels": [ "custom" ],
	"pokedex": [
		"cobblemon.species.drabbigil.desc1",
		"cobblemon.species.drabbigil.desc2"
	],
	"height": 10,
	"weight": 93,
	"preEvolution": "jackarrion",
	"shoulderMountable": false,
	"baseScale": 1.2,
	"primaryType": "water",
	"secondaryType": "poison",
	"baseStats": {
		"hp": 90,
		"attack": 60,
		"defence": 95,
		"special_attack": 115,
		"special_defence": 100,
		"speed": 70
	},
	"catchRate": 45,
	"maleRatio": 0.375,
	"baseExperienceYield": 145,
	"experienceGroup": "medium_slow",
	"eggCycles": 20, 
	"eggGroups": [ 
		"water_1",
		"water_3"
	],
	"baseFriendship": 50,
	"evYield": {
		"special_attack": 2
	},
	"moves": [
		"1:tackle",
		"1:tailwhip",
		"7:watergun",
		"11:endure",
		"19:calmmind",
		"21:waterpulse",
		"23:swift",
		"28:sludge",
		"32:scald",
		"38:venoshock",
		"41:airslash",
		"45:hydropump",
		"50:sludgebomb",
		"52:recover",
		"58:nastyplot",
		"65:hyperbeam",
		"71:hurricane",
		"tm:surf",
		"tm:raindance",
		"tm:icywind",
		"tm:icebeam",
		"tm:workup",
		"tm:toxic",
		"tm:scald",
		"tm:protect",
		"tm:sludgewave",
		"egg:quiverdance",
		"egg:thunderbolt"
	],
	"abilities": [
		"torrent",
		"h:poisonheal"
	],
	
	"baseScale": 1.0,
	"hitbox": {
		"width": 1.3,
		"height": 1.0,
		"fixed": false
	},
	"drops": {
		"amount": "1",
		"entries": [
			{
				"item": "minecraft:slimeball",
				"quantityRange": "1-2",
				"percentage": 50
			}
		]
	},
	"behaviour": {
		"resting": {
			"canSleep": true,
			"depth": "normal",
			"light": "0-4",
			"willSleepOnBed": false,
			"times": "night"
		},
		"moving": {
			"canLook": true,
			"walk": {
				"walkSpeed": 0.5
			},
			"fly": {
				"canFly": true
			},
			"swim": {
				"swimSpeed": 0.4,
				"canSwimInWater": true,
				"canBreatheUnderwater": true
			}
		}
	}
}