{
	"implemented": true,
	"nationalPokedexNumber": -1,
	"name": "error",
	"labels": [ "custom" ],
	"pokedex": [
		"cobblemon.species.error.desc1",
		"cobblemon.species.error.desc2"
	],
	"height": 4,
	"weight": -1,
	"primaryType": "bug",
	"baseStats": {
		"hp": 5,
		"attack": 5,
		"defence": 5,
		"special_attack": 5,
		"special_defence": 5,
		"speed": 5
	},
	"catchRate": 255,
	"maleRatio": -1,
	"baseExperienceYield": 7,
	"experienceGroup": "medium_slow",
	"eggCycles": 40, 
	"baseFriendship": 200,
	"moves": [
		"1:nuzzle"
	],
	"abilities": [
		"levitate"
	],
	"baseScale": 1.0,
	"hitbox": {
		"width": 0.8,
		"height": 0.8,
		"fixed": false
	},
	"behaviour": {
		"moving": {
			"canLook": false,
			"fly": {
				"canFly": true
			}
		}
	}
}