{
	"implemented": true,
	"nationalPokedexNumber": 2610,
	"name": "gnorp",
	"labels": [ "custom" ],
	"pokedex": [
		"cobblemon.species.gnorp.desc1",
		"cobblemon.species.gnorp.desc2"
	],
	"height": 3,
	"weight": 10,
	"shoulderMountable": true,
	"shoulderEffects": [ "darkness" ],
	"primaryType": "normal",
	"baseStats": {
		"hp": 60,
		"attack": 30,
		"defence": 70,
		"special_attack": 5,
		"special_defence": 5,
		"speed": 40
	},
	"catchRate": 255,
	"maleRatio": -1,
	"baseExperienceYield": 37,
	"experienceGroup": "medium_slow",
	"eggCycles": 20, 
	"eggGroups": [ 
		"mineral",
		"dragon",
		"human_like"
	],
	"baseFriendship": 150,
	"evYield": {
		"hp": 1
	},
	"moves": [
		"1:tackle",
		"2:roost",
		"6:bulletseed",
		"12:rocksmash",
		"14:autotomize",
		"14:harden",
		"14:sketch",
		"32:dig",
		"37:cut",
		"43:highjumpkick",
		"48:roost",
		"52:fly",
		"52:babydolleyes",
		"57:bide",
		"58:endure",
		"65:bulletpunch",
		"71:gigaimpact",
		"74:bellydrum",
		"80:axekick",
		"80:hurricane",
		"83:bugbuzz",
		"90:outrage",
		"93:leechseed",
		"93:leechseed",
		"99:splash",
		"100:populationbomb",
		"egg:selfdestruct"
	],
	"abilities": [
		"skilllink",
		"h:levitate"
	],
	
	"baseScale": 1.0,
	"hitbox": {
		"width": 0.8,
		"height": 0.8,
		"fixed": false
	},
	"drops": {
		"amount": "1",
		"entries": [
			{
				"item": "cobblemon:ability_patch",
				"quantityRange": "1-1",
				"percentage": 10
			}
		]
	},
	"behaviour": {
		"moving": {
			"canLook": false,
			"fly": {
				"canFly": false
			}
		}
	}
}