{
	"implemented": true,
	"nationalPokedexNumber": 2602,
	"name": "jackarrion",
	"labels": [ "custom" ],
	"pokedex": [
		"cobblemon.species.jackarrion.desc1",
		"cobblemon.species.jackarrion.desc2"
	],
	"height": 6,
	"weight": 28,
	"preEvolution": "bunigill",
	"shoulderMountable": false,
	"baseScale": 1.2,
	"primaryType": "water",
	"secondaryType": "poison",
	"baseStats": {
		"hp": 70,
		"attack": 50,
		"defence": 75,
		"special_attack": 85,
		"special_defence": 75,
		"speed": 60
	},
	"catchRate": 45,
	"maleRatio": 0.375,
	"baseExperienceYield": 145,
	"experienceGroup": "medium_slow",
	"eggCycles": 20, 
	"eggGroups": [ 
		"water_1",
		"water_3"
	],
	"baseFriendship": 50,
	"evYield": {
		"special_attack": 2
	},
	"moves": [
		"1:tackle",
		"1:tailwhip",
		"7:watergun",
		"11:endure",
		"19:calmmind",
		"21:waterpulse",
		"23:swift",
		"28:sludge",
		"32:scald",
		"38:venoshock",
		"41:airslash",
		"45:hydropump",
		"50:sludgebomb",
		"52:recover",
		"58:nastyplot",
		"65:hyperbeam",
		"71:hurricane",
		"tm:surf",
		"tm:raindance",
		"tm:icywind",
		"tm:icebeam",
		"tm:workup",
		"tm:toxic",
		"tm:scald",
		"tm:protect",
		"tm:sludgewave",
		"egg:quiverdance",
		"egg:thunderbolt"
	],
	"abilities": [
		"torrent",
		"h:poisonheal"
	],
	
	"baseScale": 1.0,
	"hitbox": {
		"width": 0.75,
		"height": 0.6,
		"fixed": false
	},
	"drops": {
		"amount": "1",
		"entries": [
			{
				"item": "minecraft:slimeball",
				"quantityRange": "1-2",
				"percentage": 50
			}
		]
	},
	"behaviour": {
		"resting": {
			"canSleep": true,
			"depth": "normal",
			"light": "0-4",
			"willSleepOnBed": false,
			"times": "night"
		},
		"moving": {
			"canLook": true,
			"fly": {
				"canFly": false
			},
			"swim": {
				"swimSpeed": 0.15,
				"canSwimInWater": true,
				"canBreatheUnderwater": true
			}
		}
	},
	"evolutions": [
		{
			"id": "jackarrion_drabbigil",
			"variant": "level_up",
			"result": "drabbigil",
			"learnableMoves": [ "dragonbreath" ],
			"requirements": [
				{
					"variant": "level",
					"minLevel": 36
				}
			]
		}
	]
}