
{
  "head": "head",
  "portraitScale": 2.25,
  "portraitTranslation": [ -0.25, -1.3, 0 ],
  "profileScale": 1.25,
  "profileTranslation": [ 0, -0.2, 0 ],
  "faint": "bedrock(drabbigil, faint)",
  "cry": "bedrock(drabbigil, sniff_cry)",
  "poses": {
    "standing": {
      "poseName": "standing",
      "transformTicks": 10,
      "poseTypes": [
		  "STAND",
		  "NONE",
		  "PORTRAIT",
		  "PROFILE"
      ],
      "animations": [
		  "look",
          "bedrock(drabbigil, ground_idle)"
      ],
	  "quirks": [
		{
	      "name": "blink", 
	      "loopTimes": 2,
		  "minSecondsBetweenOccurrences": 8,
		  "maxSecondsBetweenOccurrences": 20,
		  "animations": [ "bedrock(drabbigil, blink)" ]
		}
	  ]
    },
    "walking": {
      "poseName": "walking",
      "transformTicks": 10,
      "poseTypes": [ "WALK" ],
      "animations": [ "look", "bedrock(drabbigil, ground_walk)" ],
	  "quirks": [
		{
	      "name": "blink", 
	      "loopTimes": 2,
		  "minSecondsBetweenOccurrences": 8,
		  "maxSecondsBetweenOccurrences": 20,
		  "animations": [ "bedrock(drabbigil, blink)" ]
		}
	  ]
    },
    "floating": {
      "poseName": "floating",
      "transformTicks": 10,
      "poseTypes": [ "FLOAT" ],
      "animations": [ "look", "bedrock(drabbigil, water_idle)" ],
	  "quirks": [
		{
	      "name": "blink", 
	      "loopTimes": 2,
		  "minSecondsBetweenOccurrences": 8,
		  "maxSecondsBetweenOccurrences": 20,
		  "animations": [ "bedrock(drabbigil, blink)" ]
		}
	  ]
    },
    "swimming": {
      "poseName": "swimming",
      "transformTicks": 10,
      "poseTypes": [ "SWIM" ],
      "animations": [ "look", "bedrock(drabbigil, water_swim)" ],
	  "quirks": [
		{
	      "name": "blink", 
	      "loopTimes": 2,
		  "minSecondsBetweenOccurrences": 8,
		  "maxSecondsBetweenOccurrences": 20,
		  "animations": [ "bedrock(drabbigil, blink)" ]
		}
	  ]
    },
    "sleeping": {
      "poseName": "sleeping",
      "transformTicks": 10,
      "poseTypes": [ "SLEEP" ],
      "animations": [ "look", "bedrock(drabbigil, sleep)" ]
    }
  }
}
  