
{
  "head": "head",
  "portraitScale": 2.25,
  "portraitTranslation": [ 0.15, -1.3, 0 ],
  "profileScale": 1.25,
  "profileTranslation": [ 0, -0.2, 0 ],
  "faint": "bedrock(error, ground_idle)",
  "cry": "bedrock(error, ground_idle)",
  "poses": {
    "standing": {
      "poseName": "standing",
      "transformTicks": 10,
      "poseTypes": [
		  "STAND",
		  "NONE",
		  "PORTRAIT",
		  "PROFILE"
      ],
      "animations": [
          "bedrock(error, ground_idle)"
      ]
    }
  }
}
  