
{
  "head": "head",
  "portraitScale": 2.25,
  "portraitTranslation": [ 0.15, -1.3, 0 ],
  "profileScale": 1.25,
  "profileTranslation": [ 0, -0.2, 0 ],
  "faint": "bedrock(gnorp, faint)",
  "cry": "bedrock(gnorp, cry)",
  "poses": {
  "standing": {
      "poseName": "standing",
      "transformTicks": 10,
      "poseTypes": [ 
	      "STAND",
		  "NONE",
		  "PORTRAIT",
		  "PROFILE" 
	  ],
      "animations": [  ],
      "quirks": [ 
		  {
			  "name": "spinny", 
			  "loopTimes": 1,
			  "minSecondsBetweenOccurrences": 8,
			  "maxSecondsBetweenOccurrences": 20,
			  "animations": [ "bedrock(gnorp, cry)" ]
		  }
      ]
  },
  "walking": {
      "poseName": "walking",
      "transformTicks": 10,
      "poseTypes": [ "WALK" ],
      "animations": [ "bedrock(gnorp, ground_walk)" ]
  }
  }
}
  