
{
  "head": "head",
  "portraitScale": 2.25,
  "portraitTranslation": [ -0.25, -1.3, 0 ],
  "profileScale": 1.25,
  "profileTranslation": [ 0, -0.2, 0 ],
  "faint": "bedrock(jackarrion, faint)",
  "cry": "bedrock(jackarrion, sniff_cry)",
  "poses": {
    "standing": {
      "poseName": "standing",
      "transformTicks": 10,
      "poseTypes": [
		  "STAND",
		  "NONE",
		  "PORTRAIT",
		  "PROFILE"
      ],
      "animations": [
		  "look",
          "bedrock(jackarrion, ground_idle)"
      ],
      "quirks": [ 
	      {
			  "name": "sniff", 
			  "loopTimes": 1,
			  "minSecondsBetweenOccurrences": 40,
			  "maxSecondsBetweenOccurrences": 100,
			  "animations": [ "bedrock(jackarrion, sniff)" ]
		  },
		  {
			  "name": "blink", 
			  "loopTimes": 2,
			  "minSecondsBetweenOccurrences": 8,
			  "maxSecondsBetweenOccurrences": 20,
			  "animations": [ "bedrock(jackarrion, blink)" ]
		  },
	      {
			  "name": "ear_twitch", 
			  "loopTimes": 1,
			  "minSecondsBetweenOccurrences": 30,
			  "maxSecondsBetweenOccurrences": 80,
			  "animations": [ "bedrock(jackarrion, ear_twitch_1)", "bedrock(jackarrion, ear_twitch_2)", "bedrock(jackarrion, ear_twitch_3)" ]
		  },
	      {
			  "name": "cry", 
			  "loopTimes": 1,
			  "minSecondsBetweenOccurrences": 20,
			  "maxSecondsBetweenOccurrences": 40,
			  "animations": [ "bedrock(jackarrion, cry)" ]
		  }
      ]
    },
    "walking": {
      "poseName": "walking",
      "transformTicks": 10,
      "poseTypes": [ "WALK" ],
      "animations": [ "look", "bedrock(jackarrion, ground_walk)" ],
      "quirks": [ 
		  {
			  "name": "blink", 
			  "loopTimes": 2,
			  "minSecondsBetweenOccurrences": 8,
			  "maxSecondsBetweenOccurrences": 20,
			  "animations": [ "bedrock(jackarrion, blink)" ]
		  },
	      {
			  "name": "ear_twitch", 
			  "loopTimes": 1,
			  "minSecondsBetweenOccurrences": 30,
			  "maxSecondsBetweenOccurrences": 80,
			  "animations": [ "bedrock(jackarrion, ear_twitch_1)", "bedrock(jackarrion, ear_twitch_2)", "bedrock(jackarrion, ear_twitch_3)" ]
		  },
	      {
			  "name": "cry", 
			  "loopTimes": 1,
			  "minSecondsBetweenOccurrences": 20,
			  "maxSecondsBetweenOccurrences": 40,
			  "animations": [ "bedrock(jackarrion, cry)" ]
		  }
      ]
    },
    "floating": {
      "poseName": "floating",
      "transformTicks": 10,
      "poseTypes": [ "FLOAT" ],
      "animations": [ "look", "bedrock(jackarrion, water_idle)" ],
      "quirks": [ 
		  {
			  "name": "blink", 
			  "loopTimes": 2,
			  "minSecondsBetweenOccurrences": 8,
			  "maxSecondsBetweenOccurrences": 20,
			  "animations": [ "bedrock(jackarrion, blink)" ]
		  },
	      {
			  "name": "ear_twitch", 
			  "loopTimes": 1,
			  "minSecondsBetweenOccurrences": 30,
			  "maxSecondsBetweenOccurrences": 80,
			  "animations": [ "bedrock(jackarrion, ear_twitch_1)", "bedrock(jackarrion, ear_twitch_2)", "bedrock(jackarrion, ear_twitch_3)" ]
		  },
	      {
			  "name": "cry", 
			  "loopTimes": 1,
			  "minSecondsBetweenOccurrences": 20,
			  "maxSecondsBetweenOccurrences": 40,
			  "animations": [ "bedrock(jackarrion, cry)" ]
		  }
      ]
    },
    "swimming": {
      "poseName": "swimming",
      "transformTicks": 10,
      "poseTypes": [ "SWIM" ],
      "animations": [ "look", "bedrock(jackarrion, water_swim)" ],
      "quirks": [ 
		  {
			  "name": "blink", 
			  "loopTimes": 2,
			  "minSecondsBetweenOccurrences": 8,
			  "maxSecondsBetweenOccurrences": 20,
			  "animations": [ "bedrock(jackarrion, blink)" ]
		  },
	      {
			  "name": "ear_twitch", 
			  "loopTimes": 1,
			  "minSecondsBetweenOccurrences": 30,
			  "maxSecondsBetweenOccurrences": 80,
			  "animations": [ "bedrock(jackarrion, ear_twitch_1)", "bedrock(jackarrion, ear_twitch_2)", "bedrock(jackarrion, ear_twitch_3)" ]
		  },
	      {
			  "name": "cry", 
			  "loopTimes": 1,
			  "minSecondsBetweenOccurrences": 20,
			  "maxSecondsBetweenOccurrences": 40,
			  "animations": [ "bedrock(jackarrion, cry)" ]
		  }
      ]
    },
    "sleeping": {
      "poseName": "sleeping",
      "transformTicks": 20,
      "poseTypes": [ "SLEEP" ],
      "animations": [ "bedrock(jackarrion, sleep)" ],
      "quirks": [ 
	      {
			  "name": "ear_twitch", 
			  "loopTimes": 1,
			  "minSecondsBetweenOccurrences": 60,
			  "maxSecondsBetweenOccurrences": 90,
			  "animations": [ "bedrock(jackarrion, ear_twitch_1)", "bedrock(jackarrion, ear_twitch_2)", "bedrock(jackarrion, ear_twitch_3)" ]
		  }
      ]
    }
  }
}
  