{
	"format_version": "1.12.0",
	"minecraft:geometry": [
		{
			"description": {
				"identifier": "geometry.gnorp",
				"texture_width": 32,
				"texture_height": 32,
				"visible_bounds_width": 2,
				"visible_bounds_height": 2.5,
				"visible_bounds_offset": [0, 0.75, 0]
			},
			"bones": [
				{
					"name": "root",
					"pivot": [0, 0, 0]
				},
				{
					"name": "body",
					"parent": "root",
					"pivot": [0, 2, 0],
					"cubes": [
						{"origin": [-4, 2, -4], "size": [8, 8, 8], "uv": [0, 0]}
					]
				},
				{
					"name": "leg_L",
					"parent": "body",
					"pivot": [2, 2, 0],
					"cubes": [
						{"origin": [-3, 0, -1], "size": [2, 3, 2], "uv": [0, 0]}
					]
				},
				{
					"name": "leg_R",
					"parent": "body",
					"pivot": [-2, 2, 0],
					"cubes": [
						{"origin": [1, 0, -1], "size": [2, 3, 2], "uv": [0, 3]}
					]
				}
			]
		}
	]
}