
{
  "species": "cobblemon:error",
  "order": 0,
  "variations": [
    {
      "aspects": [],
      "poser": "cobblemon:error",
      "model": "cobblemon:error.geo",
      "texture": "cobblemon:textures/pokemon/error/error.png",
      "layers": [
	    {
		  "name": "emission",
		  "emissive": true,
		  "texture": "cobblemon:textures/pokemon/error/error_emissive.png",
		  "translucent": true
		}
	  ]
    },
    {
      "aspects": [ "shiny" ],
      "texture": "cobblemon:textures/pokemon/error/error_shiny.png"
    }
  ]
}
