{
	"format_version": "1.12.0",
	"minecraft:geometry": [
		{
			"description": {
				"identifier": "geometry.drabbigil",
				"texture_width": 128,
				"texture_height": 128,
				"visible_bounds_width": 4,
				"visible_bounds_height": 2.5,
				"visible_bounds_offset": [0, 0.75, 0]
			},
			"bones": [
				{
					"name": "root",
					"pivot": [0, 0, 0]
				},
				{
					"name": "lower_body",
					"parent": "root",
					"pivot": [0, 5, 4],
					"rotation": [-5, 0, 0],
					"cubes": [
						{"origin": [-3.5, 2, 0], "size": [7, 6, 7], "uv": [0, 13]}
					]
				},
				{
					"name": "upper_body",
					"parent": "lower_body",
					"pivot": [0, 8, 0],
					"rotation": [7.5, 0, 0],
					"cubes": [
						{"origin": [-3.5, 2, -7], "size": [7, 6, 7], "inflate": -0.002, "uv": [0, 0]}
					]
				},
				{
					"name": "leg_F_L",
					"parent": "upper_body",
					"pivot": [3.5, 4, -5],
					"rotation": [55, 0, 0],
					"cubes": [
						{"origin": [2.5, 1, -6], "size": [2, 4, 2], "uv": [59, 6]}
					]
				},
				{
					"name": "lowerleg_F_L",
					"parent": "leg_F_L",
					"pivot": [3.5, 1.5, -5],
					"rotation": [-100, 0, 0],
					"cubes": [
						{"origin": [2.505, -2.5, -6], "size": [2, 4, 2], "uv": [58, 36]}
					]
				},
				{
					"name": "legfrill_F_L",
					"parent": "lowerleg_F_L",
					"pivot": [4.5, 0, -4],
					"rotation": [0, 55, 0],
					"cubes": [
						{"origin": [4.5, -1.5, -4], "size": [0, 5, 3], "uv": [0, 23]}
					]
				},
				{
					"name": "leg_F_R",
					"parent": "upper_body",
					"pivot": [-3.5, 4, -5],
					"rotation": [55, 0, 0],
					"cubes": [
						{"origin": [-4.5, 1, -6], "size": [2, 4, 2], "uv": [58, 30]}
					]
				},
				{
					"name": "lowerleg_F_R",
					"parent": "leg_F_R",
					"pivot": [-3.5, 1.5, -5],
					"rotation": [-100, 0, 0],
					"cubes": [
						{"origin": [-4.505, -2.5, -6], "size": [2, 4, 2], "uv": [58, 24]}
					]
				},
				{
					"name": "legfrill_F_R",
					"parent": "lowerleg_F_R",
					"pivot": [-4.5, 0, -4],
					"rotation": [0, -55, 0],
					"cubes": [
						{"origin": [-4.5, -1.5, -4], "size": [0, 5, 3], "uv": [0, 10]}
					]
				},
				{
					"name": "neck",
					"parent": "upper_body",
					"pivot": [0, 8, -7],
					"cubes": [
						{"origin": [-2.5, 3, -9], "size": [5, 5, 2], "uv": [22, 49]}
					]
				},
				{
					"name": "head",
					"parent": "neck",
					"pivot": [0, 8, -8],
					"cubes": [
						{"origin": [-3, 4, -14], "size": [6, 6, 6], "uv": [0, 26]}
					]
				},
				{
					"name": "nose",
					"parent": "head",
					"pivot": [0, 4, -14],
					"cubes": [
						{"origin": [-3, 4, -14], "size": [6, 3, 2], "inflate": -0.002, "pivot": [0, 4, -14], "rotation": [30, 0, 0], "uv": [21, 0]}
					]
				},
				{
					"name": "ear_R",
					"parent": "head",
					"pivot": [-2, 10, -9.25],
					"rotation": [-35, 25, -40],
					"cubes": [
						{"origin": [-1.5, 9, -10], "size": [0, 9, 3], "uv": [52, 25]},
						{"origin": [-2.5, 9, -7], "size": [1, 9, 0], "uv": [30, 56]}
					]
				},
				{
					"name": "ear_L",
					"parent": "head",
					"pivot": [2, 10, -9.25],
					"rotation": [-35, -25, 40],
					"cubes": [
						{"origin": [1.5, 9, -10], "size": [0, 9, 3], "uv": [48, 47]},
						{"origin": [1.5, 9, -7], "size": [1, 9, 0], "uv": [32, 56]}
					]
				},
				{
					"name": "tusk_L",
					"parent": "head",
					"pivot": [3, 5, -10.5],
					"rotation": [15, -20, 0],
					"cubes": [
						{"origin": [2.5, 4, -14], "size": [1, 2, 4], "uv": [53, 9]},
						{"origin": [2.43, 4.998, -17.75], "size": [1, 1, 4], "pivot": [3, 5, -13.5], "rotation": [0, 30, 0], "uv": [54, 50]}
					]
				},
				{
					"name": "tusk_R",
					"parent": "head",
					"pivot": [-3, 5, -10.5],
					"rotation": [15, 20, 0],
					"cubes": [
						{"origin": [-3.5, 4, -14], "size": [1, 2, 4], "uv": [52, 38]},
						{"origin": [-3.43, 4.998, -17.75], "size": [1, 1, 4], "pivot": [-3, 5, -13.5], "rotation": [0, -30, 0], "uv": [52, 44]}
					]
				},
				{
					"name": "antler_L",
					"parent": "head",
					"pivot": [2, 9.5, -10],
					"rotation": [-10, 0, 47.5],
					"cubes": [
						{"origin": [1, 8.5, -11.5], "size": [2, 5, 2], "uv": [22, 56]},
						{"origin": [1, 13.5, -17.5], "size": [2, 1, 8], "uv": [40, 41]},
						{"origin": [1.5, 10.5, -11], "size": [1, 3, 1], "pivot": [2, 10.5, -10], "rotation": [0, 0, -60], "uv": [37, 8]}
					]
				},
				{
					"name": "antler_R",
					"parent": "head",
					"pivot": [-2, 9.5, -10],
					"rotation": [-10, 0, -47.5],
					"cubes": [
						{"origin": [-3, 8.5, -11.5], "size": [2, 5, 2], "uv": [54, 55]},
						{"origin": [-3, 13.5, -17.5], "size": [2, 1, 8], "uv": [40, 29]},
						{"origin": [-2.5, 10.5, -11], "size": [1, 3, 1], "pivot": [-2, 10.5, -10], "rotation": [0, 0, 60], "uv": [34, 19]}
					]
				},
				{
					"name": "eyelid_L",
					"parent": "head",
					"pivot": [2.8, 8, -12],
					"cubes": [
						{"origin": [2.8, 7, -13], "size": [0, 2, 2], "uv": [49, 13]}
					]
				},
				{
					"name": "eyelid_R",
					"parent": "head",
					"pivot": [-2.8, 8, -12],
					"cubes": [
						{"origin": [-2.8, 7, -13], "size": [0, 2, 2], "uv": [53, 13]}
					]
				},
				{
					"name": "wing_L",
					"parent": "upper_body",
					"pivot": [2.5, 8, -2],
					"rotation": [5, 0, 32.5],
					"cubes": [
						{"origin": [1.5, 7, -3], "size": [2, 11, 2], "uv": [14, 49]}
					]
				},
				{
					"name": "innerwing_L",
					"parent": "wing_L",
					"pivot": [2.5, 7, -2],
					"cubes": [
						{"origin": [2, 8, -3], "size": [1, 6, 1], "pivot": [2.5, 9, -2], "rotation": [25, 0, 0], "uv": [45, 0]},
						{"origin": [2.5, 8, -1], "size": [0, 10, 8], "uv": [16, 31]}
					]
				},
				{
					"name": "outerwing_L",
					"parent": "innerwing_L",
					"pivot": [2.5, 18, -3],
					"rotation": [0, 0, 135],
					"cubes": [
						{"origin": [1.5, 18, -3], "size": [1, 10, 2], "inflate": -0.002, "uv": [42, 50]},
						{"origin": [2.5, 18, -1], "size": [0, 10, 8], "uv": [32, 31]}
					]
				},
				{
					"name": "wing_R",
					"parent": "upper_body",
					"pivot": [-2.5, 8, -2],
					"rotation": [5, 0, -32.5],
					"cubes": [
						{"origin": [-3.5, 7, -3], "size": [2, 11, 2], "uv": [49, 0]}
					]
				},
				{
					"name": "innerwing_R",
					"parent": "wing_R",
					"pivot": [-2.5, 7, -2],
					"cubes": [
						{"origin": [-3, 8, -3], "size": [1, 6, 1], "pivot": [-2.5, 9, -2], "rotation": [25, 0, 0], "uv": [0, 0]},
						{"origin": [-2.5, 8, -1], "size": [0, 10, 8], "uv": [0, 30]}
					]
				},
				{
					"name": "outerwing_R",
					"parent": "innerwing_R",
					"pivot": [-2.5, 18, -3],
					"rotation": [0, 0, -135],
					"cubes": [
						{"origin": [-2.5, 18, -3], "size": [1, 10, 2], "inflate": -0.002, "uv": [36, 49]},
						{"origin": [-2.5, 18, -1], "size": [0, 10, 8], "uv": [24, 21]}
					]
				},
				{
					"name": "leg_B_L",
					"parent": "lower_body",
					"pivot": [3.5, 5.5, 5],
					"rotation": [20, -10, 0],
					"cubes": [
						{"origin": [2.5, 2.5, 1], "size": [2, 4, 5], "uv": [0, 48]}
					]
				},
				{
					"name": "lowerleg_B_L",
					"parent": "leg_B_L",
					"pivot": [3.5, 3.5, 2],
					"rotation": [55, 0, 0],
					"cubes": [
						{"origin": [2.495, -0.5, 1], "size": [2, 4, 2], "uv": [57, 0]}
					]
				},
				{
					"name": "foot_B_L",
					"parent": "lowerleg_B_L",
					"pivot": [3.5, 0, 1.5],
					"rotation": [-70, 0, 0],
					"cubes": [
						{"origin": [2.5, -1, -2.5], "size": [2, 1, 4], "uv": [52, 19]}
					]
				},
				{
					"name": "leg_B_R",
					"parent": "lower_body",
					"pivot": [-3.5, 5.5, 5],
					"rotation": [20, 10, 0],
					"cubes": [
						{"origin": [-4.5, 2.5, 1], "size": [2, 4, 5], "uv": [43, 19]}
					]
				},
				{
					"name": "lowerleg_B_R",
					"parent": "leg_B_R",
					"pivot": [-3.5, 3.5, 2],
					"rotation": [55, 0, 0],
					"cubes": [
						{"origin": [-4.495, -0.5, 1], "size": [2, 4, 2], "uv": [0, 57]}
					]
				},
				{
					"name": "foot_B_R",
					"parent": "lowerleg_B_R",
					"pivot": [-3.5, 0, 1.5],
					"rotation": [-70, 0, 0],
					"cubes": [
						{"origin": [-4.5, -1, -2.5], "size": [2, 1, 4], "uv": [34, 19]}
					]
				},
				{
					"name": "upper_tail",
					"parent": "lower_body",
					"pivot": [0, 8, 7],
					"rotation": [-12.5, 0, 0],
					"cubes": [
						{"origin": [-2, 4, 7], "size": [4, 4, 8], "uv": [21, 5]}
					]
				},
				{
					"name": "middle_tail",
					"parent": "upper_tail",
					"pivot": [0, 6, 15],
					"rotation": [12.5, 0, 0],
					"cubes": [
						{"origin": [-1.5, 4.5, 13], "size": [3, 3, 9], "uv": [19, 17]}
					]
				},
				{
					"name": "lower_tail",
					"parent": "middle_tail",
					"pivot": [0, 6, 21],
					"rotation": [20, 0, 0],
					"cubes": [
						{"origin": [-1, 5, 20], "size": [2, 2, 9], "uv": [36, 8]}
					]
				},
				{
					"name": "tailfrill_L",
					"parent": "upper_tail",
					"pivot": [2, 8, 8.5],
					"rotation": [0, 0, -22.5],
					"cubes": [
						{"origin": [2, 8, 8], "size": [4, 0, 8], "uv": [32, 29]}
					]
				},
				{
					"name": "tailfrill_R",
					"parent": "upper_tail",
					"pivot": [-2, 8, 8.5],
					"rotation": [0, 0, 22.5],
					"cubes": [
						{"origin": [-6, 8, 8], "size": [4, 0, 8], "uv": [29, 0]}
					]
				}
			]
		}
	]
}